id,i_age_yrs,i_gender,rlshp_type,rlshp_duration_yrs,I_SOEP,I_SOEPrec,I_SOEPtrust,I_SensSeek_BS_1,I_SensSeek_BS_2,I_SensSeek_TAS_1,I_SensSeek_ES_1,I_SensSeek_TAS_2,I_SensSeek_D_1,I_SensSeek_D_2,I_SensSeek_ES_2,I_UPPS_Ss_1,I_UPPS_Pe_1,I_UPPS_Ss_2,I_UPPS_Pe_2,I_UPPS_U_1,I_UPPS_Pr_1,I_UPPS_Pr_2,I_UPPS_U_2,I_BIS11_SC_1,I_BIS11_CI_1,I_BIS11_A_1,I_BIS11_CC_1,I_BIS11_A_2,I_BIS11_SC_2,I_BIS11_CC_2,I_BIS11_MI_1,I_BIS11_MI_2,I_BIS11_P_1,I_BIS11_CI_2,I_BIS11_P_2,I_BIBA_BAS_1,I_BIBA_BAS_2,I_BIBA_BIS_1,I_BIBA_BIS_2,I_SCS_1,I_SCS_2,I_SCS_3,I_GRIT_CI_1,I_GRIT_CI_2,I_GRIT_P_1,I_GRIT_P_2,I_LSCS_I_1,I_LSCS_I_2,I_LSCS_SS_1,I_LSCS_SS_2,I_LSCS_RS_1,I_LSCS_RS_2,I_LSCS_PA_1,I_LSCS_PA_2,I_LSCS_SC_1,I_LSCS_SC_2,I_LSCS_T_1,I_LSCS_T_2
sxgux,16,male,sibling,16,7,6,5,2,1,2,2,2,1,1,1,3,3,3,2,2,3,4,3,3,2,2,4,2,2,4,3,3,3,2,2,3,2,2,3,3,4,3,4,4,5,5,3,2,2,2,2,3,5,3,4,2,3,2
sxgux,53,female,parent,19.5,7,9,6,2,2,2,1,2,1,1,1,4,2,4,2,3,2,3,3,2,4,3,3,3,3,4,3,3,3,1,3,4,3,4,3,2,4,3,4,4,4,4,4,3,2,2,2,3,5,4,2,1,2,3
sxgux,60,male,parent,19,7,9,9,NA,NA,NA,NA,NA,NA,NA,NA,4,1,4,1,3,3,3,2,3,2,2,4,1,4,4,3,3,4,2,2,3,2,3,3,1,4,2,3,4,5,5,3,2,3,2,2,3,5,4,3,1,3,3
3koq0,27,male,housemate,4,6,4,6,1,2,1,2,1,1,1,2,2,1,3,1,1,2,2,2,2,2,2,3,1,4,2,3,3,3,1,3,3,3,2,3,5,3,3,4,4,3,4,4,3,3,2,3,3,3,2,1,2,1,2
3koq0,22,male,housemate,2,6,7,7,1,1,1,2,2,1,NA,2,2,1,4,1,4,2,2,3,2,4,1,2,2,3,1,4,4,3,3,3,4,3,4,4,4,2,3,2,2,3,3,1,4,3,3,5,4,3,1,1,1,1,1
3koq0,19,female,sibling,19,7,6,7,2,2,1,2,1,1,1,2,2,3,3,3,1,2,2,2,3,3,3,4,3,4,1,4,4,3,2,3,4,4,4,3,4,3,4,2,2,4,4,4,4,4,3,3,4,4,2,1,1,1,1
bustq,20,female,friend,2,7,7,6,1,1,2,2,2,1,2,2,3,4,4,2,3,3,3,2,3,4,NA,3,4,2,1,4,3,2,3,3,3,4,3,3,4,3,5,2,2,4,4,3,3,2,2,4,3,4,5,2,1,1,1
bustq,43,female,parent,19,5,7,4,1,1,1,2,1,1,2,2,2,4,2,4,3,2,2,3,1,3,3,3,3,3,4,4,4,2,2,3,3,4,4,4,5,3,5,2,2,2,2,5,3,4,5,2,2,5,3,3,1,4,4
rdalr,22,female,friend,8,6,8,4,1,1,2,1,1,1,2,2,2,4,2,3,3,3,2,3,3,3,2,3,3,2,1,3,3,3,1,2,4,4,2,3,2,4,4,3,4,3,4,2,3,4,2,4,4,3,2,3,1,2,4
rdalr,50,female,parent,23,5,5,5,2,2,1,1,1,1,1,2,1,3,2,3,2,3,2,2,3,1,2,3,3,3,3,3,3,3,1,3,3,4,2,2,2,2,5,4,4,3,3,4,3,3,4,2,2,4,1,3,3,2,3
rdalr,21,male,colleague,1.7,6,6,3,2,1,2,1,1,1,2,2,3,4,3,4,3,4,1,3,4,1,3,3,3,4,3,4,4,2,2,1,2,4,2,2,5,5,5,3,3,1,1,3,3,4,5,3,3,3,4,5,4,1,1
qi9ld,58,female,parent,35,4,2,4,1,1,1,2,1,1,2,2,2,2,2,3,3,2,2,3,2,2,2,2,2,3,2,3,3,2,2,3,2,3,3,3,3,4,4,4,2,4,4,2,4,4,4,2,2,2,3,2,2,4,4
qi9ld,35,female,sibling,35,3,3,4,1,1,1,2,1,1,2,2,2,1,2,1,3,2,3,3,3,2,2,4,1,3,2,3,3,3,3,3,3,3,4,4,4,5,4,5,5,2,3,3,4,5,5,1,2,2,2,3,1,4,3
gh664,25,female,friend,4.5,5,2,3,1,1,2,1,2,2,2,2,3,3,3,2,1,1,1,1,1,2,2,2,1,4,3,3,4,3,1,4,4,3,1,2,3,1,4,5,4,1,1,5,5,4,3,1,2,2,1,4,4,1,2
gh664,48,female,parent,23,5,1,5,2,1,1,2,2,1,2,2,3,3,3,3,3,3,3,3,3,2,2,4,4,3,3,2,2,2,2,3,4,3,2,2,5,3,5,3,3,2,2,3,4,4,4,2,2,2,1,4,3,3,4
gh664,24,female,colleague,18,4,5,3,2,2,2,1,2,2,2,2,3,3,2,2,4,3,4,3,2,3,1,3,2,3,2,4,2,3,3,4,3,4,1,3,3,4,4,3,2,2,3,4,4,3,4,2,3,4,2,5,4,2,4
gmng,21,female,partner,5.5,6,8,8,1,1,2,2,1,1,1,2,4,2,4,1,3,4,2,2,3,3,3,4,3,3,2,3,3,2,2,4,4,3,4,4,4,3,5,4,4,3,3,4,4,3,2,2,5,3,2,1,1,4,1
gmng,21,male,colleague,15,9,9,9,1,2,2,2,2,1,2,2,3,1,4,1,2,3,2,3,3,2,1,4,1,1,1,3,3,4,2,1,4,4,3,2,3,3,3,3,4,4,3,2,2,2,1,5,5,4,3,2,1,3,1
gmng,23,male,sibling,22,7,6,7,1,2,2,2,1,1,2,2,2,1,3,1,2,2,2,2,2,2,1,2,1,3,1,3,2,4,2,3,3,3,2,2,1,1,2,4,4,4,3,2,2,1,1,2,2,3,1,3,2,4,4
7hgj7,22,female,sibling,22,6,6,1,1,1,2,1,2,1,1,2,4,2,3,2,2,2,1,3,2,2,2,1,1,1,3,1,2,3,2,1,4,3,3,4,4,3,4,1,1,5,5,1,2,4,1,3,2,2,3,4,2,5,3
7hgj7,55,male,parent,24,4,4,3,1,1,2,1,2,1,1,2,4,2,2,2,2,2,1,3,1,2,1,1,1,1,3,1,2,3,1,1,3,2,3,4,3,2,3,2,2,4,5,1,2,3,1,2,1,2,2,2,2,2,3
7hgj7,20,male,sibling,20,3,5,2,2,1,2,1,2,1,2,1,3,3,2,3,4,2,2,3,1,2,3,2,1,2,4,1,2,3,3,2,3,2,3,4,2,4,3,3,2,4,3,3,2,2,4,2,1,2,2,4,3,4,5
eq4sk,54,female,parent,21,6,4,6,1,2,1,1,1,1,1,2,2,2,2,2,1,2,1,2,2,1,1,2,1,3,1,2,2,4,1,2,3,2,2,2,2,1,4,5,5,3,4,2,1,1,1,1,1,1,1,1,1,1,1
eq4sk,21,female,friend,6,3,4,1,2,2,1,1,1,1,2,2,1,2,2,2,2,1,1,1,1,1,1,1,1,2,2,2,2,4,1,2,3,3,1,3,3,2,3,3,3,3,2,3,2,3,2,1,1,2,1,2,3,2,3
eq4sk,23,female,sibling,21,3,6,4,1,1,2,1,1,1,2,2,3,1,2,2,1,2,2,2,2,1,2,2,1,1,2,2,3,4,2,2,3,2,4,2,3,2,3,5,5,4,4,2,2,3,2,2,2,3,2,1,1,1,1
93otj,34,female,child,34,8,10,7,2,2,2,2,2,1,2,1,4,2,4,2,2,2,1,2,2,3,2,2,3,1,1,3,4,2,2,1,4,4,3,3,2,3,2,2,3,5,5,1,1,2,1,3,4,5,5,4,2,2,4
93otj,54,female,friend,13,7,8,6,2,2,2,2,2,1,1,2,3,2,3,2,2,2,3,2,1,3,2,3,2,3,1,2,3,4,1,1,3,3,2,1,1,3,2,2,3,5,4,3,4,2,2,2,2,2,5,1,4,1,1
ys0pg,20,female,friend,5,4,4,5,1,1,2,1,1,1,2,2,2,2,2,1,3,1,2,2,2,2,2,1,2,1,3,1,1,3,3,1,3,4,4,4,3,2,4,4,3,5,4,5,3,4,4,2,1,4,2,1,3,2,1
ys0pg,22,male,friend,2,2,3,5,2,2,2,1,NA,NA,NA,1,3,1,2,1,2,2,2,2,3,2,2,1,3,1,3,2,2,3,2,1,3,4,4,3,5,3,4,4,4,3,3,2,2,4,3,2,2,5,2,2,2,2,1
jjgta,37,female,sibling,37,7,7,6,1,2,2,1,1,2,2,2,1,2,3,2,2,3,2,3,1,3,1,2,2,1,2,3,3,2,2,1,4,4,3,3,4,4,3,3,3,4,4,1,3,2,2,3,1,1,2,4,2,2,3
jjgta,43,female,friend,30,8,7,5,1,1,2,1,1,2,2,2,3,1,4,1,2,2,1,2,2,2,2,2,1,1,2,4,4,4,1,1,4,4,2,3,3,4,1,2,3,4,5,1,1,1,1,1,1,1,1,1,1,1,1
729dc,68,female,friend,35,7,6,6,1,1,1,2,1,1,2,2,2,1,3,1,2,1,2,2,1,2,1,1,1,1,1,3,3,4,1,3,4,3,2,3,3,1,2,2,3,4,4,2,2,2,2,2,2,1,1,1,1,1,1
729dc,52,female,sibling,52,7,8,5,1,1,1,2,1,1,2,2,2,1,4,1,3,2,2,3,2,2,1,3,2,3,1,3,3,3,2,2,4,3,3,2,3,2,2,3,3,5,4,4,2,1,1,1,3,4,3,2,1,3,2
729dc,68,female,friend,40,8,8,7,1,1,2,2,1,1,2,2,3,2,3,1,3,3,3,4,3,2,2,3,1,2,1,4,3,3,2,3,4,4,2,2,4,3,3,2,3,4,4,3,4,3,2,5,3,4,3,2,1,3,3
hahgk,60,female,friend,5,7,5,4,2,2,2,2,1,1,1,2,2,1,4,1,1,1,1,2,1,1,1,2,1,3,1,2,2,4,1,1,4,4,2,2,2,1,1,4,4,5,5,1,1,1,1,1,1,1,2,1,2,1,1
hahgk,47,male,spouse,16,3,2,5,1,2,1,NA,2,1,1,2,3,2,2,2,3,3,3,3,2,2,1,2,1,NA,3,2,2,4,1,2,2,3,4,4,4,3,3,4,5,5,5,2,1,2,3,2,2,2,4,2,3,2,3
hahgk,48,female,colleague,5,3,4,5,2,2,1,1,1,1,1,2,1,1,2,1,1,1,1,4,2,2,1,1,1,1,1,2,2,4,2,1,3,3,2,2,4,1,2,3,5,5,5,2,1,1,1,2,1,1,1,1,2,1,3
hgx8z,78,female,parent,45,7,8,6,1,1,2,2,1,2,1,2,4,2,3,2,1,1,1,3,1,1,1,2,1,2,3,3,4,4,1,1,4,4,3,3,1,1,3,3,4,4,4,4,3,2,1,3,2,2,2,1,1,1,1
hgx8z,47,female,sibling,45,8,8,8,1,1,2,2,2,2,2,2,4,1,1,1,1,3,3,3,3,1,2,4,2,3,4,3,3,3,2,3,4,4,2,2,3,4,3,4,3,2,2,3,3,4,4,3,4,5,5,4,2,1,1
hgx8z,49,male,spouse,9,9,8,7,2,2,2,1,2,1,1,2,4,2,3,2,2,2,1,3,2,2,2,2,1,4,3,2,3,3,2,2,4,4,2,3,3,2,2,3,3,2,4,4,2,2,2,2,3,5,3,2,2,2,2
7lowo,31,female,child,31,5,6,6,2,2,1,1,1,1,1,2,3,1,2,1,3,2,2,3,2,2,2,2,1,1,3,2,2,4,3,2,3,2,2,2,2,2,2,4,4,5,5,2,2,2,3,2,3,2,3,2,4,4,4
7lowo,64,female,spouse,37,7,7,7,2,2,2,1,1,1,1,2,2,1,3,1,3,2,3,2,2,2,2,2,2,1,3,3,2,3,1,2,3,3,1,3,1,4,2,4,4,4,4,3,3,2,3,2,3,2,3,3,4,4,3
7lowo,30,female,child,30,3,7,5,1,2,1,1,2,1,1,2,3,1,2,1,2,1,1,2,1,1,2,1,1,1,3,1,1,4,1,1,2,2,2,3,1,1,1,5,5,5,5,1,1,2,2,1,1,1,2,1,4,4,3
9p6ed,62,female,sibling,58,6,7,6,2,1,2,2,2,2,1,2,3,2,4,1,3,3,2,3,2,2,2,3,1,2,4,4,3,3,1,1,3,3,4,3,1,3,1,3,2,4,4,2,1,2,3,1,4,2,4,1,3,1,2
9p6ed,61,male,spouse,42,10,10,10,1,2,2,1,1,1,1,2,1,1,3,2,1,2,2,2,1,2,1,2,1,4,1,1,2,4,1,4,4,3,3,2,4,4,1,3,4,5,5,1,1,2,1,4,2,1,2,1,1,1,1
9p6ed,64,female,friend,1,7,7,7,1,2,1,2,1,1,1,2,3,1,3,1,2,2,2,NA,2,3,2,3,NA,2,1,3,3,3,1,2,4,3,3,3,2,2,3,4,4,3,4,2,2,3,2,2,3,2,4,2,1,2,2
ojsw9,70,male,parent,41,10,9,9,1,1,1,1,1,1,2,1,2,2,2,1,2,2,2,2,1,3,1,2,2,1,2,3,3,3,1,2,3,3,3,3,3,2,2,3,3,5,5,3,4,2,3,2,2,3,4,2,3,2,2
ojsw9,42,male,spouse,35,6,7,3,1,1,1,2,1,1,2,1,1,1,3,1,3,1,1,2,2,2,2,2,1,2,2,3,3,4,2,2,3,4,4,4,2,3,3,4,2,4,5,4,3,2,2,4,3,4,4,3,2,3,4
ojsw9,69,female,parent,41,5,6,7,1,2,1,1,1,1,1,1,2,1,4,1,2,1,1,1,1,1,1,2,1,1,1,3,3,2,1,1,4,4,2,2,5,1,2,3,5,5,5,4,1,1,1,1,1,4,4,2,2,2,1
v5z5f,52,female,parent,18,7,6,8,1,2,1,1,1,1,1,2,3,1,4,1,1,1,1,3,2,1,1,2,4,4,1,3,3,4,1,3,4,4,4,2,2,4,3,5,4,3,5,4,1,2,1,1,1,4,1,3,3,3,4
v5z5f,19,female,friend,4,4,5,3,1,1,1,1,2,1,2,2,3,1,3,1,2,1,1,2,2,2,1,2,1,2,2,2,2,3,1,2,4,3,3,2,2,3,3,3,2,3,4,2,2,2,2,3,2,3,2,1,2,1,1
v5z5f,52,male,parent,18,5,2,5,2,1,1,1,1,1,1,2,2,2,3,2,2,1,1,2,3,2,1,3,1,2,1,2,2,3,2,2,4,3,2,2,1,2,2,3,3,5,5,2,3,2,2,2,2,3,2,3,2,2,2
jh6y7,18,female,friend,4,4,7,1,1,2,1,2,1,1,2,2,1,3,4,2,3,2,2,3,3,2,4,3,1,2,2,2,3,2,1,2,4,2,3,4,4,2,5,2,2,3,1,2,3,4,4,3,2,5,2,3,2,3,4
jh6y7,NA,female,friend,7,5,7,4,2,2,2,1,1,1,2,2,2,2,2,2,1,1,2,2,3,3,2,2,1,2,2,2,2,3,2,2,3,2,2,3,3,3,3,4,3,4,4,2,3,3,NA,2,2,4,1,3,2,3,2
jh6y7,20,male,friend,13,7,5,8,1,1,2,2,1,1,2,2,2,2,3,2,1,2,2,2,3,3,3,4,2,4,2,3,3,2,3,4,4,3,3,3,4,3,3,3,2,3,3,3,3,2,2,3,4,3,3,1,1,1,1
7dfnm,52,female,spouse,38,NA,5,5,1,1,2,1,2,1,1,1,4,1,2,1,1,1,1,2,1,1,1,2,1,1,3,2,3,1,2,1,3,3,1,3,1,1,3,5,4,5,5,3,3,1,2,1,2,2,1,1,2,3,4
xz00c,59,female,parent,39.5,7,9,5,1,1,2,1,2,1,2,2,4,2,3,1,1,2,2,2,1,1,1,2,2,1,1,3,3,3,2,1,3,3,2,2,2,1,1,4,4,5,5,4,2,2,2,3,2,4,4,2,2,1,2
xz00c,27,male,friend,11,8,9,7,1,1,2,2,2,1,2,2,4,1,4,2,1,2,2,3,2,1,1,2,1,2,1,3,2,3,1,2,4,4,4,3,2,4,3,2,2,5,5,2,1,2,1,3,2,3,4,1,2,1,1
xz00c,28,female,partner,8.5,8,9,6,1,1,2,1,2,1,2,2,4,3,4,2,1,3,3,2,3,2,2,3,1,1,1,4,4,4,1,2,4,4,3,3,5,4,4,2,3,5,3,2,3,2,2,3,4,3,3,2,2,1,1
tgvti,28,female,friend,11,3,4,2,1,1,1,1,2,2,2,1,1,1,2,1,1,1,1,2,1,1,2,3,1,3,3,2,2,2,2,3,3,2,3,3,3,4,5,4,5,3,3,4,5,3,4,2,2,5,1,5,3,5,5
tgvti,25,female,colleague,3,7,7,3,1,2,1,1,1,1,2,1,2,1,3,1,1,2,2,2,2,3,1,3,1,3,2,3,3,4,2,3,3,3,1,3,1,2,4,5,5,5,5,3,3,1,1,4,3,4,3,3,4,3,5
tgvti,55,female,parent,27,5,2,5,1,1,1,1,1,1,2,2,1,1,3,1,1,2,2,2,2,2,1,3,2,3,1,3,3,3,1,3,3,4,2,1,2,1,3,2,5,2,2,5,4,2,1,2,3,5,1,4,2,3,2
dkypf,31,male,friend,10,6,8,5,1,1,1,1,2,1,1,2,3,3,4,3,4,3,3,3,2,2,3,4,3,3,2,3,3,3,1,3,3,3,4,3,2,4,3,3,4,3,3,3,4,4,3,2,2,1,2,3,2,5,4
dkypf,24,female,friend,12,6,10,6,1,2,2,2,2,1,1,1,4,1,3,2,1,2,2,3,2,2,2,4,1,2,1,4,3,2,2,2,3,3,4,3,1,3,4,5,5,3,4,1,2,2,3,2,2,3,1,2,2,3,2
dkypf,41,male,colleague,2,9,9,7,1,1,2,1,2,2,1,2,4,2,4,1,4,3,3,3,3,4,3,4,4,4,3,3,3,1,4,3,4,4,3,4,4,4,4,3,2,4,5,2,2,2,2,4,4,3,4,1,1,4,2
n4vnl,33,female,friend,2.5,5,7,7,1,1,2,2,1,1,1,2,4,2,3,2,3,2,3,2,2,2,2,3,2,2,3,2,3,2,3,2,4,4,3,4,3,4,4,3,4,3,4,2,2,3,3,2,2,5,2,1,1,2,1
n4vnl,27,female,acquaintance,3,6,6,8,1,1,2,1,2,1,2,2,3,2,2,2,3,3,3,2,2,1,3,3,1,2,2,2,2,2,2,1,3,4,3,3,4,2,4,4,5,3,3,1,2,3,3,1,1,2,1,1,1,1,1
n4vnl,26,male,friend,14,2,2,7,1,1,2,2,1,1,2,2,3,3,2,3,3,2,1,2,1,1,4,2,1,2,4,2,2,4,4,2,3,3,4,4,5,3,4,4,4,3,3,2,1,4,4,1,2,5,2,2,2,2,2
308qp,46,male,acquaintance,15,3,6,2,1,1,1,1,1,1,2,2,1,1,2,1,2,1,1,3,1,1,1,1,1,1,3,1,1,2,2,1,3,3,4,4,2,3,2,3,4,5,5,5,1,1,2,1,1,4,2,2,1,3,1
4ct26,26,male,friend,2,3,2,5,2,2,1,1,1,1,1,1,1,1,3,2,3,2,1,3,1,4,1,3,2,2,2,2,2,4,2,2,4,3,3,4,3,2,2,2,3,3,4,1,1,4,1,1,1,2,2,1,2,3,1
4ct26,31,female,colleague,2,5,10,0,1,2,2,1,2,1,1,2,3,1,3,1,1,1,1,1,1,4,2,1,1,1,1,1,1,4,2,1,3,4,3,4,1,1,1,4,4,4,5,5,1,2,2,1,1,3,3,3,1,3,2
4ct26,49,female,parent,24,4,3,2,1,1,1,1,1,1,1,1,2,2,2,1,2,2,1,2,1,3,1,2,2,2,2,2,2,4,2,3,2,2,3,3,3,3,4,4,4,3,3,3,2,3,2,2,1,2,2,2,3,3,2
jbzsy,55,female,friend,20,5,7,4,1,1,2,2,2,1,1,2,3,1,2,1,2,2,2,2,2,2,3,2,1,3,2,3,3,3,3,2,3,2,3,4,3,2,4,4,4,4,4,2,3,2,3,2,2,2,2,1,1,1,1
jbzsy,53,male,partner,20,6,3,6,2,2,1,2,1,1,1,2,1,2,2,2,3,3,3,3,3,3,2,3,1,4,3,3,3,2,2,3,3,3,3,3,4,3,4,3,4,4,4,4,3,3,2,2,3,4,3,3,2,3,2
jbzsy,49,female,sibling,49,6,6,6,2,2,2,1,2,1,1,2,3,1,3,1,2,2,2,2,1,2,1,2,1,2,2,2,2,3,1,2,3,3,4,3,4,2,2,4,3,4,5,1,1,1,2,1,2,3,3,2,1,2,1
dgexv,29,female,friend,6,7,8,5,1,1,2,1,2,2,2,2,3,3,3,3,3,3,3,3,3,2,2,4,1,3,2,4,4,3,1,3,4,3,3,4,4,4,5,5,5,3,2,3,4,4,3,5,3,5,3,1,1,3,1
dgexv,28,female,friend,22,8,8,6,1,1,1,1,2,1,2,2,3,1,3,2,2,1,1,3,3,4,2,3,1,2,1,3,3,2,3,3,4,3,4,4,3,4,2,5,3,3,5,3,3,2,2,4,1,4,3,1,1,3,2
dgexv,61,female,parent,28,7,7,7,1,1,2,1,2,1,2,2,4,2,4,2,4,3,3,3,3,2,3,4,2,4,2,3,3,3,2,3,4,4,3,3,3,4,4,3,3,4,4,3,4,3,2,3,4,5,5,1,1,3,1
olcpz,53,female,parent,20,7,7,5,1,1,1,1,1,1,1,2,2,1,3,1,1,1,2,3,1,3,1,2,1,2,1,4,2,4,2,1,3,3,4,3,2,4,2,5,5,5,5,4,1,1,1,1,1,1,1,1,1,2,1
olcpz,21,male,friend,9,2,2,6,1,2,1,1,1,1,2,2,1,1,1,1,3,2,2,3,1,2,1,1,2,1,1,3,2,4,2,2,3,4,3,3,2,1,2,4,5,4,5,1,2,2,2,1,2,1,2,1,3,2,3
olcpz,NA,NA,NA,NA,NA,NA,NA,NA,NA,NA,NA,NA,NA,NA,NA,NA,NA,NA,NA,NA,NA,NA,NA,NA,NA,NA,NA,NA,NA,NA,NA,NA,NA,NA,NA,NA,NA,NA,NA,NA,NA,NA,NA,NA,NA,NA,NA,NA,NA,NA,NA,NA,NA,NA,NA,NA,NA,NA
uo69g,43,female,friend,3,5,4,7,1,2,1,2,1,1,2,2,2,1,2,2,3,2,2,3,2,4,2,3,3,2,1,4,4,3,1,3,3,4,2,2,2,3,4,3,4,3,3,3,4,3,4,3,1,3,1,2,3,3,3
y6pi7,61,female,colleague,15,8,6,3,1,2,1,2,2,1,1,2,2,1,3,1,1,1,1,2,1,1,1,1,1,1,1,2,4,3,1,1,4,4,4,4,2,2,2,4,3,2,5,5,4,2,2,3,2,4,5,4,2,2,2
y6pi7,59,female,colleague,4,5,6,6,1,1,1,2,1,1,1,2,2,1,4,1,3,1,1,3,1,3,2,1,2,1,1,4,2,2,2,2,4,4,4,3,4,3,2,2,3,4,5,2,2,2,2,3,2,3,4,2,2,2,1
h6clg,48,female,colleague,13,3,5,3,1,1,1,1,1,1,1,2,2,2,2,1,3,2,2,2,2,3,2,3,2,1,2,2,2,3,3,4,3,3,3,3,3,3,3,4,3,3,4,2,2,3,2,2,1,2,1,2,2,1,1
xsi0e,26,female,child,26,5,7,3,1,1,2,2,1,1,2,2,1,1,3,1,1,2,2,2,2,4,3,3,2,1,2,3,2,1,2,2,3,3,3,3,2,1,2,3,4,5,5,2,2,1,1,2,3,3,4,1,1,1,1
xsi0e,49,male,partner,8,4,3,7,1,1,2,1,1,1,1,2,1,2,1,2,2,2,2,2,3,2,2,2,2,2,3,3,3,3,1,3,2,2,2,2,3,1,4,5,4,4,5,3,2,2,2,1,1,3,1,2,2,2,1
xsi0e,24,female,child,24,8,9,4,1,2,2,1,1,1,1,2,1,1,2,1,1,2,3,2,1,4,2,3,2,2,1,3,2,1,1,1,3,4,3,3,3,2,4,5,3,5,5,2,1,1,1,1,3,1,4,1,1,2,4
pzgm3,56,female,friend,5,7,3,4,1,2,1,2,1,1,1,2,3,1,4,1,1,1,1,2,1,3,1,3,1,2,2,3,3,3,1,2,3,4,2,2,2,2,2,5,5,5,5,1,1,1,1,2,3,3,1,3,2,3,2
pzgm3,43,male,partner,8,5,6,6,2,2,2,2,2,1,1,1,3,3,3,3,3,2,2,3,2,2,2,3,2,2,3,3,3,3,1,2,4,4,2,3,3,3,4,4,4,3,4,2,3,3,3,2,3,4,2,3,2,3,2
lkt4j,23,female,friend,3,5,3,5,1,1,2,1,2,1,1,1,4,2,3,2,2,2,2,2,2,2,2,3,2,1,2,2,2,3,3,1,3,3,3,4,2,3,3,4,3,3,4,4,2,2,3,1,2,3,1,2,2,2,1
j24y0,50,female,partner,8,6,7,5,2,2,2,1,2,1,1,2,4,3,3,2,2,2,2,2,2,1,1,3,1,3,2,2,2,4,2,3,3,3,3,3,3,1,2,4,5,3,4,3,3,2,2,2,3,3,3,2,2,1,2
j24y0,24,female,child,8,7,9,4,1,1,2,1,2,1,1,1,3,2,3,1,2,1,2,2,1,2,2,2,1,1,3,2,1,4,1,1,3,3,3,2,2,1,4,4,4,4,4,2,1,2,2,1,3,2,3,2,3,1,1
j24y0,26,female,child,8,6,7,5,2,1,2,1,2,1,2,2,3,2,3,2,1,2,2,2,2,1,2,3,1,3,2,3,2,3,2,2,3,2,2,2,2,1,2,5,5,3,3,2,2,2,2,1,2,3,4,2,2,1,1
hab20,54,male,parent,20,7,8,6,2,2,2,2,2,1,2,2,4,3,3,2,2,3,2,3,3,2,2,3,2,3,3,3,3,3,2,2,4,4,3,3,5,3,4,3,3,2,2,4,3,4,3,4,3,4,3,4,1,2,2
hab20,52,female,parent,20,6,8,5,2,2,2,1,2,1,1,1,4,3,4,2,2,2,2,3,2,2,2,2,4,2,3,2,2,3,2,3,4,4,3,3,4,3,4,3,2,3,3,3,3,2,3,2,3,4,3,3,3,2,4
2bwmd,49,female,parent,26,5,5,7,1,2,2,1,1,1,2,2,1,3,3,3,3,3,2,2,2,3,2,3,2,1,1,3,3,3,2,1,3,3,4,2,1,2,1,2,4,5,3,1,1,1,1,2,2,2,2,3,2,1,1
2bwmd,21,male,sibling,21,7,6,7,1,1,2,2,1,1,2,2,2,2,3,2,3,3,3,3,2,3,2,3,2,3,2,3,3,3,2,3,3,3,3,3,2,4,3,2,2,4,4,3,3,3,4,2,2,3,2,4,4,2,1
2bwmd,24,female,friend,1,8,9,3,2,2,2,2,1,2,2,2,1,2,4,2,2,1,1,2,1,3,3,2,2,2,2,2,2,4,2,1,4,4,4,4,1,3,1,2,3,4,4,2,1,2,1,2,3,3,2,1,2,1,1
f3wlt,50,female,parent,18,6,8,6,1,2,2,1,2,2,1,2,4,2,3,2,2,2,2,3,1,3,2,3,2,2,3,2,2,3,2,2,4,4,2,3,4,2,3,2,3,3,3,1,2,4,3,2,3,5,3,2,2,3,1
f3wlt,66,male,parent,18,5,6,4,1,2,2,1,1,1,1,2,2,2,2,2,2,2,2,2,2,1,2,2,1,2,3,3,3,3,2,2,4,3,2,3,3,2,3,2,3,3,3,1,2,3,2,2,2,4,3,1,2,2,2
f3wlt,26,male,sibling,18,6,8,4,2,2,2,1,2,1,2,2,4,2,4,3,1,2,2,1,1,2,2,2,2,1,2,4,4,3,1,1,4,4,4,2,2,1,3,2,2,3,3,5,2,2,1,2,3,3,2,1,1,2,3
w5zs,56,female,parent,25,5,7,4,1,1,2,2,1,1,1,2,3,1,3,2,2,4,2,2,2,2,1,2,2,3,2,2,2,4,1,3,2,3,4,4,5,1,1,4,3,5,5,3,2,3,2,3,3,1,1,5,4,3,5
w5zs,23,female,friend,9,6,7,6,1,1,2,1,2,2,2,2,2,1,2,1,1,2,2,2,1,1,1,3,1,2,2,2,2,4,2,2,4,3,3,3,1,1,1,5,5,4,5,4,1,1,1,2,1,3,1,1,1,1,1
x6994,38,female,sibling,38,4,5,3,NA,NA,NA,NA,NA,NA,NA,NA,1,2,3,2,2,3,3,2,2,1,1,3,1,3,2,2,3,3,2,3,2,3,4,3,3,2,3,4,4,3,3,2,1,4,2,2,1,3,1,3,2,2,3
07wj6,44,male,former spouse or partner,64,3,2,8,1,1,1,2,1,1,1,2,1,2,2,2,1,1,2,2,2,2,2,3,1,3,1,2,2,4,2,3,3,4,1,2,1,2,2,3,4,4,5,4,4,2,3,3,2,4,2,4,1,2,1
07wj6,34,male,child,34,3,3,6,1,1,1,1,1,1,2,2,2,2,3,2,1,2,1,2,2,2,2,2,1,2,2,2,2,3,2,2,3,3,4,4,3,1,2,4,4,5,5,1,3,2,2,1,2,3,2,1,1,1,1
07wj6,32,male,child,NA,3,3,6,1,1,1,1,1,1,1,2,2,2,3,1,2,1,2,2,1,3,2,2,2,1,3,2,2,4,2,2,3,3,4,3,3,3,2,4,5,5,4,1,2,1,2,1,1,3,2,1,1,1,1
0oss0,62,female,friend,12,3,5,6,1,2,1,2,1,1,1,1,1,1,3,1,2,1,1,3,1,2,2,1,1,1,1,3,2,3,2,2,3,2,3,4,2,3,1,3,3,3,4,1,2,3,2,1,2,2,2,2,2,2,2
u5y46,51,female,colleague,9,8,2,9,1,1,1,2,2,2,1,1,1,3,4,3,1,3,4,2,4,2,3,4,1,4,3,4,3,4,2,4,3,3,2,2,1,4,5,3,5,1,2,1,5,4,4,2,4,5,2,1,1,1,1
htz1l,36,female,former spouse or partner,10,9,9,3,1,2,1,1,2,2,1,2,4,2,4,1,2,2,3,3,1,3,1,3,1,1,1,2,2,4,2,1,4,4,4,4,4,2,1,3,3,5,5,1,3,1,1,3,4,5,5,1,1,3,2
htz1l,28,female,friend,4,7,9,5,1,2,2,2,2,2,NA,2,4,1,4,1,2,2,2,2,3,2,1,2,1,3,1,3,3,2,2,1,3,4,4,3,2,3,2,3,2,4,5,1,NA,2,1,2,3,3,4,1,2,1,1
htz1l,60,female,parent,36.5,4,5,2,1,2,2,1,2,1,1,2,3,1,4,2,2,1,1,2,2,2,2,1,1,1,1,3,2,3,2,1,4,3,3,4,2,1,2,4,3,5,5,1,1,1,1,2,1,5,2,1,1,1,1
c5w6y,26,male,partner,1,3,4,2,2,2,1,2,1,1,1,2,1,3,3,3,1,2,3,3,3,2,4,3,1,3,3,2,2,4,1,1,3,2,4,4,5,3,4,3,4,5,3,5,2,4,3,3,2,1,1,3,1,3,2
c5w6y,59,female,parent,26,10,10,9,1,1,1,2,1,1,1,2,3,1,4,1,2,2,2,3,3,1,2,3,2,3,2,4,4,2,3,2,2,4,2,3,2,2,3,4,3,4,4,4,2,2,2,1,2,2,1,2,1,1,1
nbklx,77,female,spouse,60,3,0,4,1,2,1,1,1,1,1,2,1,2,1,2,2,2,2,2,2,2,2,2,2,1,2,2,2,2,2,2,2,2,2,3,2,2,3,4,4,4,4,2,2,1,1,4,2,2,1,1,2,3,3
nbklx,40,female,child,40,2,5,5,1,1,1,1,1,1,1,1,2,2,1,2,1,2,1,1,1,1,1,2,1,1,2,2,2,4,1,1,2,3,3,4,2,4,4,4,5,5,5,1,1,2,1,1,1,3,2,1,1,2,2
nbklx,44,male,child,44,5,4,4,1,2,2,1,2,1,1,2,3,2,2,2,2,2,2,2,3,1,2,2,2,2,3,2,2,3,3,2,3,2,2,2,2,3,3,3,4,3,4,4,2,2,2,2,2,2,2,2,2,2,2
hb4fe,69,female,parent,47,10,10,9,2,2,2,2,2,2,2,2,3,3,4,2,3,3,2,3,3,4,2,3,3,3,1,3,3,2,3,1,3,4,3,3,4,3,4,3,3,3,3,4,3,2,2,4,3,4,4,2,2,3,2
hb4fe,35,female,spouse,5,10,10,3,1,1,2,2,2,2,2,1,4,4,4,3,2,1,1,3,3,3,2,4,4,3,2,3,3,4,2,2,4,4,3,4,5,4,5,3,3,5,5,3,3,2,4,5,3,2,1,3,3,4,4
hb4fe,46,male,colleague,8,8,8,7,1,1,2,1,1,1,1,1,2,2,3,2,4,2,2,4,3,4,2,3,1,3,2,3,3,1,3,2,4,4,3,4,4,4,4,3,3,3,3,1,3,3,4,4,3,2,3,3,2,4,4
vmlyc,61,female,friend,28,10,5,10,1,2,1,1,1,2,2,2,1,3,3,2,2,4,3,1,2,3,2,3,3,3,1,4,4,1,3,3,4,3,4,1,1,3,4,1,1,2,4,4,3,1,1,2,3,1,3,1,1,1,1
ai12t,26,female,sibling,26,3,1,3,1,1,1,2,1,1,2,2,2,2,3,2,2,1,1,2,2,4,1,2,1,2,2,2,2,2,2,1,3,2,3,3,1,2,1,3,3,5,5,1,4,2,3,1,1,1,2,3,2,2,2
lya1e,39,male,former spouse or partner,7,6,5,3,1,1,1,1,2,1,1,2,3,3,2,3,3,3,3,3,3,1,2,3,1,3,3,2,2,4,1,3,2,3,3,3,2,4,2,3,4,4,5,2,3,2,2,2,2,2,1,2,2,2,1
lya1e,>40,female,NA,20,NA,NA,NA,NA,NA,NA,NA,NA,NA,NA,NA,NA,2,NA,1,NA,1,1,NA,1,NA,NA,NA,NA,1,1,NA,NA,NA,NA,1,NA,NA,NA,NA,NA,NA,1,NA,NA,5,5,1,NA,NA,NA,NA,NA,NA,NA,NA,NA,1,NA
lrjys,62,female,spouse,16,5,4,7,1,2,1,2,2,1,1,2,3,1,2,2,3,2,2,4,3,1,3,3,1,3,2,3,2,3,3,3,2,3,1,2,3,3,4,2,3,4,4,1,2,3,4,2,1,1,1,3,2,3,2
opcg6,27,male,sibling,25,8,9,6,1,2,2,2,2,2,2,2,4,4,3,3,2,3,3,2,3,3,3,4,3,4,3,4,4,2,2,4,4,3,2,2,3,2,4,2,2,2,2,2,4,4,1,4,4,4,4,2,3,1,1
opcg6,20,male,friend,4,8,8,4,1,1,2,1,2,1,2,2,4,4,4,3,4,2,1,4,4,2,3,4,2,4,2,4,3,4,1,2,4,4,3,4,3,3,2,3,4,2,2,3,4,4,5,3,4,5,4,4,3,3,5
opcg6,25,male,friend,12,9,9,3,1,2,2,1,2,2,2,2,4,2,4,2,2,4,3,2,4,1,1,4,2,3,2,4,4,4,1,3,4,4,1,1,4,5,5,4,4,4,3,4,5,1,1,5,5,5,5,4,2,1,1
86tkn,25,female,"sister in law, brother in law",11,3,4,5,NA,NA,NA,NA,NA,NA,NA,NA,3,1,3,2,2,2,2,2,2,3,1,2,2,1,2,3,3,4,2,2,4,3,3,3,2,3,5,4,4,4,5,1,2,3,2,2,3,2,1,1,1,1,2
86tkn,27,female,spouse,11,3,3,6,1,1,1,1,1,1,2,2,3,1,3,2,3,2,1,3,2,4,1,2,2,2,2,3,3,3,2,2,4,4,3,3,3,2,1,3,4,5,5,1,1,2,2,2,2,2,1,2,2,1,2
86tkn,36,male,sibling,28,6,4,3,1,2,1,1,1,1,1,2,4,1,3,1,2,2,1,2,2,2,1,1,2,1,3,4,3,4,1,2,3,3,3,1,1,1,2,3,3,5,5,1,3,1,1,1,2,3,2,2,1,1,1
5ir67,28,male,housemate,0.75,5,NA,3,1,2,2,1,2,1,1,2,2,2,2,1,1,2,2,2,2,2,1,2,2,2,2,2,2,3,2,2,3,3,3,3,3,3,3,4,4,3,4,3,2,2,2,4,NA,3,2,2,2,1,1
5ir67,30,female,friend,5,4,1,7,1,2,1,1,2,1,1,2,1,3,2,3,3,2,3,4,3,3,3,4,2,4,2,3,2,4,3,4,4,4,3,3,2,4,5,3,3,2,3,3,4,4,3,1,3,4,1,2,2,1,2
5ir67,30,male,housemate,4.5,4,5,6,2,1,1,1,1,1,NA,2,1,2,2,2,1,1,1,2,2,1,1,3,1,3,1,2,1,4,1,3,3,3,4,3,4,1,5,1,4,3,2,4,5,4,2,1,1,1,1,3,1,1,1
ltyf2,58,male,parent,34,5,5,6,1,1,1,1,1,1,1,2,2,1,3,1,2,1,2,2,2,1,2,3,2,2,3,3,2,4,2,2,4,3,3,3,2,2,2,3,4,4,4,1,2,2,2,2,2,3,2,2,3,2,2
ltyf2,55,male,parent's partner,10,4,6,4,1,1,2,1,1,1,1,2,3,2,3,2,2,2,2,2,2,2,2,2,2,2,2,2,2,3,2,2,3,3,2,2,2,1,3,4,3,4,4,3,2,2,2,3,2,4,2,1,3,1,2
ltyf2,45,male,colleague,2,2,2,8,1,1,1,2,1,1,2,2,1,3,3,3,1,1,1,2,1,3,2,2,1,3,3,1,2,4,4,2,4,3,3,2,4,1,3,3,4,4,3,2,3,1,1,2,1,5,1,1,1,1,2
gnyiv,56,female,former spouse or partner,20,7,7,4,1,1,1,2,2,2,1,2,2,1,3,1,2,2,1,2,2,2,2,2,1,1,2,2,2,3,2,1,3,4,1,2,1,2,4,4,4,4,3,3,2,1,1,3,2,4,4,4,1,3,2
gnyiv,57,male,friend,45,8,8,5,1,2,2,1,2,2,2,1,4,1,3,1,1,1,2,2,1,3,1,1,1,1,2,3,3,2,1,2,4,3,3,2,1,1,1,3,3,4,4,5,4,1,1,3,2,5,4,4,1,1,2
7pfa7,53,female,colleague,2,7,5,6,1,1,1,1,1,1,1,2,2,1,4,1,1,1,1,2,1,2,2,2,2,2,2,2,2,3,2,3,3,3,2,2,1,2,2,4,4,3,4,3,4,1,1,1,4,1,1,1,1,1,1
tkvo8,61,male,parent,24.5,7,4,7,2,2,2,1,1,2,2,1,2,3,3,2,3,3,3,3,3,3,2,4,2,3,2,3,3,3,2,2,3,3,1,2,3,4,4,2,2,3,3,4,4,3,3,2,4,4,4,4,4,4,4
tkvo8,63,female,parent,24.5,5,5,9,2,2,2,1,1,2,2,2,2,2,2,2,3,3,4,3,4,1,1,3,2,4,2,2,3,2,1,3,2,2,2,2,2,2,3,5,4,3,3,4,4,3,2,3,2,5,3,5,5,5,5
tkvo8,26,female,sibling,24.5,6,5,5,1,2,2,1,1,2,2,1,1,2,2,1,2,3,3,2,3,2,3,3,3,2,2,3,3,2,3,3,3,3,2,3,3,4,4,4,4,3,3,3,4,4,4,3,3,5,2,4,4,4,3
2pfiy,49,male,parent,17,4,5,6,1,1,2,2,1,2,1,2,2,2,3,2,2,1,1,3,3,2,2,3,1,3,4,3,3,1,3,3,4,4,3,4,4,3,5,3,4,2,2,4,2,4,4,2,2,5,2,1,1,3,4
2pfiy,16,female,friend,4,5,6,7,1,1,2,2,1,2,2,2,2,2,3,2,2,3,3,3,3,3,2,3,1,3,2,3,4,3,3,3,4,3,4,4,3,3,4,3,4,3,4,3,4,3,2,3,3,3,2,1,1,1,1
8dp7d,47,female,sibling,47,3,4,6,1,1,1,1,1,2,2,2,1,2,1,2,2,3,3,3,3,2,2,3,1,3,1,2,2,4,2,3,2,3,3,2,2,2,4,3,4,3,3,4,1,4,4,1,1,1,1,4,3,5,4
8dp7d,82,female,parent,51,5,5,8,1,1,1,1,1,1,1,2,1,2,2,2,3,3,2,3,2,2,2,3,1,3,2,3,3,4,2,3,3,4,2,3,3,3,4,5,4,3,4,1,1,1,3,1,1,3,1,1,2,5,2
8dp7d,49,female,friend,30,4,2,8,1,1,1,2,1,1,2,2,1,2,3,1,1,1,1,1,2,2,1,1,1,1,1,2,2,4,3,1,3,2,1,1,1,2,3,2,4,3,3,4,2,2,2,5,1,2,1,4,2,2,2
oivkl,47,female,spouse,27,3,8,5,1,2,1,1,1,1,1,2,1,1,3,1,1,2,2,3,3,2,2,2,3,1,3,3,3,4,2,1,4,3,3,3,3,4,3,2,4,5,5,3,3,3,2,2,1,2,1,3,2,1,1
oivkl,54,female,"sister in law, brother in law",25,6,7,4,1,1,2,1,1,1,2,1,2,1,4,1,3,4,3,4,2,3,2,3,2,1,3,4,4,3,2,2,4,4,3,3,3,5,4,3,3,4,5,2,3,2,2,3,3,2,3,3,2,2,2
oivkl,49,female,sibling,47,7,7,3,1,2,2,1,2,1,1,2,2,2,3,2,1,1,2,4,3,2,2,3,4,2,3,4,4,4,2,2,4,3,2,2,3,4,4,3,2,5,5,1,1,1,2,4,3,5,3,1,1,2,3
kt6bm,27,male,friend,3,3,3,7,1,2,2,2,1,1,1,2,2,2,4,2,3,2,3,3,1,3,1,3,1,3,1,3,4,2,1,2,4,4,2,3,1,4,5,2,3,4,5,4,3,2,3,4,5,4,1,1,1,2,1
dl9l2,56,female,parent,20,9,8,6,1,1,2,2,2,1,2,2,3,3,3,2,3,2,3,3,3,2,4,3,2,2,2,3,2,3,2,2,4,4,4,4,3,4,5,4,3,2,2,2,3,4,4,3,3,2,1,4,1,4,3
dl9l2,26,female,sibling,21,6,2,4,1,2,2,1,2,1,2,2,2,3,3,3,4,3,2,2,4,3,4,3,2,3,1,3,3,3,3,4,3,4,1,4,4,4,4,2,2,1,1,4,3,5,5,4,2,5,1,3,3,4,5
dl9l2,22,female,friend,5,7,9,4,2,1,2,1,2,1,2,2,4,3,4,3,3,2,2,3,2,2,2,3,3,3,2,3,3,3,2,3,4,3,3,3,5,4,4,3,3,3,3,4,3,4,4,3,4,4,3,2,2,3,4
cuggr,24,male,friend,6,7,7,10,1,1,2,1,2,2,2,2,4,1,3,1,1,1,2,1,1,2,2,2,1,2,1,2,2,3,1,3,4,4,3,2,2,2,3,4,5,4,4,4,2,2,2,1,2,3,1,1,2,1,1
ceiez,65,male,sibling,65,7,5,3,1,2,1,1,1,NA,1,1,1,1,2,1,2,1,2,2,1,2,1,1,2,1,2,2,2,3,1,2,3,4,2,3,1,2,2,4,4,5,5,3,3,2,1,1,1,1,3,3,2,2,3
ceiez,30,male,child,30,2,3,5,2,1,1,2,1,1,1,2,1,1,2,1,1,1,1,1,1,2,1,2,1,1,2,2,2,2,2,1,2,2,3,3,2,1,1,4,3,5,5,3,1,1,1,1,2,2,4,1,1,1,1
ceiez,28,female,child,28,0,0,1,1,1,1,1,1,1,1,1,1,1,2,1,1,1,2,2,2,1,1,2,1,1,2,2,1,3,2,1,2,3,3,3,1,1,2,5,5,5,5,2,1,2,2,1,1,1,1,1,1,1,2
7gcjm,31,female,"daughter in law, son in law",9,4,6,7,1,1,1,1,1,1,1,2,1,1,3,1,2,2,2,2,1,1,1,2,1,2,2,2,2,3,1,2,3,3,2,2,4,2,3,4,4,5,5,2,1,2,2,1,2,2,2,1,3,3,2
7gcjm,30,male,child,30,4,5,3,2,1,1,1,1,1,2,1,2,1,3,1,1,2,1,2,1,2,2,3,1,2,2,2,2,3,2,2,3,3,2,2,2,2,3,4,3,4,4,3,3,1,2,3,3,2,4,1,1,2,1
7gcjm,28,male,child,28,2,1,1,1,1,1,1,1,1,1,2,2,2,3,2,1,3,2,1,2,1,1,1,1,2,2,2,1,4,1,1,3,3,2,2,3,1,2,5,4,4,4,2,1,2,1,1,1,1,1,1,1,2,2
knrlg,52,male,friend,6,5,3,7,1,1,2,2,1,1,1,2,2,1,4,1,1,1,2,1,1,1,1,3,1,1,2,2,2,2,1,3,4,4,3,4,2,1,1,3,5,5,5,1,3,3,1,1,1,4,4,1,1,1,1
knrlg,22,male,child,22,4,2,7,1,2,2,2,1,1,1,2,1,1,3,1,2,2,3,2,1,2,2,3,2,2,2,3,2,3,1,2,4,2,3,3,2,2,1,3,3,5,5,4,1,2,2,3,2,3,4,1,1,3,2
1eagv,20,male,sibling,18,4,5,4,1,1,2,1,2,1,2,2,2,2,3,2,2,2,2,2,3,3,1,3,2,3,2,3,3,2,2,3,3,2,3,2,2,2,3,4,4,4,4,2,3,2,2,2,2,NA,3,1,4,1,2
1eagv,56,female,parent,18,5,6,4,2,2,2,1,2,2,1,1,3,1,3,2,1,2,2,2,2,2,1,2,1,4,3,2,2,4,2,3,3,3,3,2,2,3,2,4,4,3,3,3,3,3,3,2,2,2,1,2,3,1,1
1eagv,81,female,grandparent,18,7,7,5,1,2,2,1,2,1,1,2,3,2,2,2,2,1,2,2,2,2,1,2,1,2,2,3,3,4,2,2,4,3,2,2,3,1,3,3,5,4,4,1,2,3,3,2,3,4,2,3,4,2,3
d5njy,32,male,partner,10,1,1,3,1,1,1,2,1,1,1,2,2,1,1,2,3,3,3,3,2,1,1,2,1,2,2,2,2,4,2,2,2,2,4,3,2,2,3,5,4,4,4,2,2,3,2,1,1,1,1,2,3,2,4
d5njy,30,female,friend,5,3,6,1,2,1,1,2,1,1,1,1,1,1,2,1,2,1,1,2,2,3,1,1,1,1,1,1,1,1,4,1,2,4,3,3,1,1,1,4,4,5,5,2,1,1,1,1,1,1,1,1,2,4,4
d5njy,31,female,friend,8,6,4,4,1,1,1,1,1,1,2,1,2,1,2,1,1,1,1,1,1,3,1,1,2,1,1,2,2,4,2,1,3,3,3,3,4,2,2,4,4,5,5,5,1,2,1,4,1,1,2,2,3,2,2
8shbg,30,male,friend,7.5,4,4,6,1,2,2,1,1,1,1,2,2,1,3,1,2,1,1,3,1,2,1,1,1,2,2,2,2,4,2,2,3,4,3,4,2,3,1,2,4,4,5,1,3,4,4,4,2,4,3,3,4,1,3
8shbg,59,female,parent,28,9,9,7,1,2,2,2,2,2,1,2,4,1,4,1,1,1,1,1,1,1,1,1,1,1,3,2,2,4,1,1,4,4,2,2,1,1,2,1,4,2,5,1,1,1,1,1,2,4,2,2,1,1,1
8shbg,31,female,sibling,28,6,6,6,1,1,2,1,2,1,1,2,3,2,2,2,2,1,1,2,2,2,2,2,1,2,3,3,2,4,2,2,3,4,3,3,1,1,1,5,4,3,4,2,3,2,2,2,2,3,2,3,1,1,2
whkno,48,male,"aunt, uncle",16,7,7,5,2,2,2,2,2,1,1,1,4,3,4,3,2,3,3,2,3,2,2,3,1,4,2,3,3,3,1,3,4,4,2,1,1,2,5,5,4,1,2,2,4,2,1,5,5,3,3,4,1,1,1
whkno,47,male,parent,16,7,7,4,1,2,2,2,2,1,1,2,4,2,4,2,2,3,2,2,3,3,2,3,3,3,1,3,3,4,1,2,4,3,2,2,1,3,4,5,2,3,3,2,3,2,2,4,3,5,2,3,1,2,1
v8lcl,73,female,grandparent,17,6,6,6,1,2,2,1,1,1,1,2,3,2,2,2,2,2,2,2,1,2,1,3,1,2,2,3,2,3,1,2,3,3,3,3,4,3,4,2,4,3,3,2,2,2,3,2,3,3,3,2,2,3,3
v8lcl,17,male,friend,1.5,7,8,4,1,1,NA,2,2,1,2,2,3,2,4,1,1,2,2,2,2,2,2,3,1,2,3,3,3,3,2,3,4,4,3,3,2,3,3,4,2,4,5,2,3,4,2,2,3,4,2,2,1,1,1
v8lcl,50,female,parent,17,1,1,0,2,2,2,2,2,1,1,2,4,2,4,1,3,1,2,4,2,3,1,3,1,2,3,3,3,3,2,2,4,4,3,4,2,1,1,3,2,2,5,1,1,2,3,2,1,2,1,1,2,1,1
pi7ny,55,female,parent,29,5,3,4,2,2,2,1,1,1,1,2,2,2,2,2,2,1,1,2,1,3,2,2,1,2,2,2,1,3,2,1,3,4,4,3,3,2,3,4,3,4,4,1,2,3,3,2,2,2,1,2,2,2,2
pi7ny,34,male,partner,8,4,7,1,1,2,2,1,1,1,1,1,2,2,3,2,3,1,1,4,1,3,NA,2,1,1,3,2,2,2,2,2,4,3,3,4,5,2,1,2,3,5,5,1,2,2,3,2,2,4,1,1,2,3,3
j2f2p,38,female,friend,2,6,7,5,1,1,2,1,1,1,1,1,4,2,3,2,3,2,2,3,3,3,2,2,2,2,2,2,2,4,1,2,4,3,2,2,4,3,3,2,4,4,4,2,3,2,2,2,3,3,4,2,1,2,1
j2f2p,36,male,spouse,16,7,6,2,NA,1,2,1,2,1,2,NA,2,2,3,2,1,2,2,2,1,1,1,4,2,3,2,2,2,4,1,2,4,3,3,3,3,2,4,3,4,3,5,2,1,2,2,1,2,3,4,2,3,2,4
j2f2p,35,female,friend,3,3,5,8,1,2,2,2,1,1,2,2,2,1,3,1,2,2,1,1,2,2,1,2,1,2,1,2,2,4,1,2,4,4,3,3,3,2,4,4,4,2,3,2,2,2,2,2,1,3,2,2,2,1,1
9u6ge,48,female,parent,17,4,5,2,1,2,1,1,1,2,2,1,1,2,2,2,1,2,2,2,2,1,1,2,1,3,4,2,2,3,3,3,3,4,4,3,4,2,1,2,3,2,3,3,2,3,3,1,1,5,2,3,2,1,1
9u6ge,70,female,NA,17,4,6,5,1,1,1,2,1,1,1,2,2,3,3,2,2,1,1,2,2,2,2,3,1,2,3,3,2,3,2,2,4,3,4,3,1,4,1,4,2,3,5,3,2,3,3,2,2,1,1,3,3,2,2
9u6ge,17,female,friend,7,6,7,5,1,2,2,1,1,1,2,1,2,1,4,1,3,2,3,2,1,3,3,2,2,2,2,3,3,2,2,1,4,4,3,3,3,4,1,3,2,5,4,2,3,2,2,3,3,5,5,2,1,2,3
rxe83,47,female,parent,18,7,7,7,1,1,2,1,1,1,1,2,4,1,3,1,1,2,1,1,1,3,2,2,2,1,2,3,4,3,2,1,4,4,3,3,2,3,1,2,2,4,5,2,2,2,2,3,3,4,3,1,1,2,2
rxe83,51,male,parent,18,8,8,7,1,1,2,1,1,1,1,2,4,2,3,2,2,2,2,2,2,2,2,3,1,2,3,3,3,4,2,2,4,3,3,3,3,2,2,3,5,3,4,4,2,2,2,2,3,4,3,2,2,2,2
a4bah,19,female,friend,4.75,6,7,3,1,1,2,1,1,2,2,1,3,1,4,1,1,2,2,3,1,2,1,1,1,1,2,3,2,4,2,1,4,4,2,2,2,2,2,4,3,5,5,2,3,2,1,3,4,3,3,2,1,3,3
a4bah,46,female,parent,19,3,5,3,1,1,1,2,2,1,1,2,3,1,3,1,1,1,1,2,1,3,1,1,1,1,1,1,1,3,4,1,4,4,4,4,4,1,1,1,1,4,4,1,1,2,2,2,1,2,2,3,2,4,3
a4bah,19,female,friend,6,7,8,4,1,1,2,1,2,1,2,1,3,1,4,1,2,2,2,3,2,2,1,2,2,1,2,3,3,3,1,1,4,4,4,3,4,4,3,3,2,4,4,1,3,2,2,3,2,2,2,4,4,3,3
93a79,28,female,partner,3,8,8,8,1,1,2,1,2,1,2,2,4,2,4,2,2,3,3,2,3,1,3,4,1,4,4,3,3,4,1,4,4,4,1,2,3,3,5,4,4,3,3,4,3,4,3,2,4,4,3,2,2,1,1
05zds,19,female,friend,4.5,7,8,5,1,1,2,1,2,1,2,2,4,1,4,1,2,2,2,2,1,1,2,2,2,1,2,2,3,2,3,2,4,3,4,2,2,2,2,4,3,4,5,2,2,2,2,2,3,5,3,1,2,2,1
05zds,19,female,friend,8,7,8,4,1,1,2,1,2,1,2,2,4,2,3,2,2,2,2,3,3,2,1,3,1,2,3,3,3,2,1,1,4,3,3,2,3,2,3,3,4,3,4,2,2,3,2,2,NA,3,4,1,1,1,1
05zds,61,female,parent,19.5,8,10,7,1,1,2,2,2,2,1,2,4,1,4,2,2,2,2,3,1,1,2,2,1,1,3,2,2,4,2,1,4,2,4,3,2,4,1,3,3,4,4,2,2,2,2,4,3,5,4,1,1,2,3
a3hpj,28,female,friend,4,7,6,4,1,1,2,2,1,1,2,2,2,3,3,3,2,2,2,3,3,2,3,3,3,3,2,3,3,4,2,2,3,3,4,4,3,2,4,3,3,3,4,3,2,3,2,2,2,2,3,2,2,3,2
a3hpj,27,female,friend,7,6,8,6,1,2,2,2,2,1,2,2,3,2,4,1,2,1,1,2,2,2,1,3,1,3,2,2,2,4,2,2,4,2,3,3,4,3,2,3,2,4,5,2,2,2,2,3,2,2,2,2,1,3,1
r7ey3,35,female,spouse,15,6,7,7,2,2,2,2,2,1,2,2,3,3,3,3,4,3,3,4,3,3,3,4,3,4,1,3,2,2,2,3,3,4,3,4,5,5,4,3,3,2,2,3,2,2,4,2,3,2,3,3,4,5,5
xxzfw,42,female,friend,20,6,4,4,1,1,2,2,1,1,1,2,1,1,4,1,3,2,2,3,2,2,3,4,4,3,2,3,2,3,2,4,3,2,3,4,4,5,4,3,4,2,2,3,2,3,5,2,3,1,1,1,1,2,3
2rgd0,29,male,friend,3,5,6,5,1,1,2,1,2,1,1,2,4,1,3,1,3,2,1,2,2,2,1,2,2,3,3,2,2,4,2,2,4,3,2,3,2,2,1,2,3,5,5,4,2,2,2,1,2,1,2,1,1,1,1
2rgd0,59,female,parent,22,4,7,4,1,1,1,1,2,1,1,1,4,2,4,1,2,1,1,2,1,2,1,2,1,1,2,2,2,4,2,1,2,2,4,3,1,2,1,5,4,4,5,1,1,1,2,1,1,1,1,3,2,1,1
2rgd0,61,male,parent,22,NA,6,4,1,2,1,1,2,1,1,2,4,2,2,2,4,2,2,2,2,2,2,2,1,2,3,2,2,3,2,2,3,3,4,4,2,2,2,4,4,4,4,2,2,4,4,2,3,2,2,4,3,4,2
inqjo,29,female,friend,14,3,7,2,1,1,2,1,2,1,2,2,4,1,3,1,1,2,1,2,1,3,2,2,1,1,2,2,2,4,1,2,3,3,2,2,3,2,3,3,2,5,5,2,2,2,2,2,2,3,2,2,2,2,2
inqjo,29,male,partner,2,3,6,3,1,1,2,2,2,2,2,1,4,2,3,2,3,1,2,2,2,2,3,2,1,2,3,2,1,2,2,2,3,3,4,3,3,3,2,3,4,5,4,1,2,2,2,2,2,3,2,3,3,4,2
inqjo,34,female,sibling,32,8,9,4,1,1,2,2,1,2,2,2,4,3,4,3,3,3,3,3,3,3,3,4,1,3,3,4,4,2,3,3,4,4,3,4,5,3,4,1,2,5,5,4,4,4,3,2,3,3,2,1,1,3,3
9khsp,68,female,spouse,51,7,5,8,1,1,1,2,1,1,2,1,1,2,3,1,2,2,3,3,2,2,2,3,2,1,3,3,2,3,2,3,3,3,4,3,3,3,4,5,4,3,3,4,3,4,3,4,3,4,2,2,2,1,2
9khsp,33,female,child,33,5,4,3,1,1,1,2,2,1,1,2,1,2,3,1,2,2,1,2,1,2,2,2,2,1,3,3,3,3,2,2,3,3,3,4,3,2,3,3,4,3,4,2,2,4,3,3,2,3,4,1,2,1,1
9khsp,35,male,child,35,6,3,7,2,2,1,2,1,1,2,2,1,2,2,1,1,2,2,2,2,1,2,1,1,2,3,3,3,3,2,2,3,3,2,2,2,1,3,4,4,3,2,2,2,2,3,4,2,3,4,2,2,1,1
7jwhv,21,female,colleague,6,3,3,2,1,1,1,1,1,1,1,2,2,1,2,1,1,1,2,1,1,1,2,2,1,2,2,1,1,4,1,2,3,3,3,2,2,1,2,4,4,4,5,2,2,2,2,1,2,2,2,1,1,1,1
7jwhv,20,female,friend,18,4,4,8,1,1,2,2,2,1,1,2,3,2,2,2,1,2,2,2,2,3,2,2,2,2,3,2,2,2,1,2,3,3,4,3,3,2,2,3,2,5,5,2,2,2,1,1,3,2,2,1,2,1,1
7jwhv,21,female,colleague,1,4,4,3,1,1,2,1,1,1,1,2,2,2,2,1,3,2,1,2,1,2,2,1,2,1,3,1,2,3,3,1,3,2,3,4,2,1,3,4,3,3,4,3,2,2,1,2,1,2,1,1,1,1,1
9feqd,24,male,partner,1,9,8,8,1,1,2,1,2,1,1,1,4,2,3,2,4,2,2,4,2,2,3,3,1,1,2,2,1,4,3,1,4,4,4,4,4,4,4,4,3,3,3,3,4,2,2,5,2,2,1,4,2,4,3
9feqd,53,male,parent,19,9,8,2,2,2,2,NA,2,1,1,1,4,3,4,3,4,3,3,4,3,3,3,3,2,4,3,4,4,2,2,3,3,3,2,2,3,4,4,2,2,4,4,3,4,2,3,5,5,4,4,3,3,4,4
9feqd,51,female,parent,19,8,5,8,1,2,1,1,2,2,1,1,4,1,4,1,2,2,2,3,1,4,2,3,2,2,1,3,3,2,1,2,4,4,4,3,3,5,4,2,4,3,3,5,3,2,2,4,4,2,2,1,1,3,3
4krz4,49,female,parent,19,7,7,5,1,2,2,1,2,2,1,1,3,1,3,1,3,2,2,2,2,2,1,2,1,3,3,2,2,3,2,2,3,4,3,3,3,3,2,3,3,3,4,3,2,2,1,2,3,4,2,4,1,4,4
4krz4,26,male,friend,4,7,7,4,1,1,2,1,2,1,2,1,3,1,3,1,2,2,2,2,2,2,2,3,2,2,3,2,2,4,2,2,4,4,3,3,2,2,2,3,4,4,4,2,2,2,2,3,3,3,4,2,2,3,1
4krz4,23,female,sibling,20,4,6,5,1,1,2,1,1,2,2,2,3,1,3,1,2,2,2,3,2,2,1,2,2,2,3,2,1,3,2,2,4,3,3,4,2,3,2,4,3,3,4,3,2,3,2,2,2,4,3,3,2,4,4
uj8s2,27,male,sibling,25,5,5,7,1,1,2,2,1,2,2,2,1,2,3,2,1,1,1,2,1,1,1,2,2,2,1,2,3,4,2,3,4,2,3,4,5,5,4,2,1,4,4,1,2,2,2,1,1,2,1,1,1,1,2
uj8s2,25,female,colleague,9,6,5,8,1,1,2,2,1,1,2,2,3,2,4,2,2,1,2,2,3,2,1,3,2,2,1,3,3,3,2,1,4,3,2,2,3,2,3,2,3,4,4,2,1,2,2,3,3,3,2,1,1,1,2
uj8s2,25,male,friend,9,5,6,4,1,1,1,2,1,1,1,2,3,2,3,2,2,2,2,2,2,2,1,2,1,2,3,2,2,4,2,2,3,3,2,3,2,2,2,4,4,4,4,3,2,2,2,2,2,2,2,1,2,2,2
r464x,19,male,child,19,5,9,5,1,2,2,1,2,1,NA,2,4,2,3,1,2,2,2,3,2,2,2,1,2,1,3,2,2,3,2,2,3,3,4,2,2,1,2,3,3,5,5,4,1,3,1,3,1,5,4,3,2,3,1
r464x,46,female,spouse,28,6,7,2,1,1,2,1,2,1,2,2,4,1,3,1,1,1,1,2,1,1,1,2,1,1,1,3,2,4,1,1,4,4,2,2,1,1,2,5,4,4,5,1,1,1,1,1,1,3,3,2,1,1,1
r464x,17,male,child,17,6,8,3,1,2,2,1,2,1,1,1,4,1,3,1,1,1,1,2,1,3,1,2,1,1,2,2,2,3,1,1,4,4,3,2,1,2,2,3,5,5,5,1,1,1,1,2,2,3,2,1,3,2,1
92r8q,23,female,child,23,5,2,9,1,1,1,2,1,1,2,2,1,2,2,2,1,2,2,2,2,1,1,3,1,2,1,3,3,4,2,2,4,3,3,2,2,2,2,3,3,5,5,2,2,1,1,3,3,3,4,1,1,1,1
92r8q,58,male,spouse,27,8,4,8,1,1,1,1,1,1,1,2,2,1,3,2,1,2,2,2,2,2,2,3,1,3,2,2,2,3,1,2,4,3,2,1,3,2,2,2,3,4,4,3,2,2,2,2,3,2,2,1,1,1,1
92r8q,19,female,child,19,7,7,8,1,1,1,1,1,1,2,2,2,2,3,2,1,2,2,2,2,2,1,2,1,3,1,3,2,4,2,3,4,3,2,3,2,2,4,2,3,4,5,2,4,2,1,2,2,3,3,1,1,2,1
8fvat,45,female,neighbour,2,3,3,3,1,1,1,1,1,1,1,2,1,1,2,1,1,4,3,2,2,2,2,2,2,3,2,3,2,1,2,2,4,3,3,4,NA,NA,2,3,3,2,4,2,4,5,1,2,1,2,1,1,NA,2,2
8fvat,61,male,spouse,15,6,1,9,1,1,1,1,1,1,1,1,1,3,2,2,1,3,3,2,2,3,2,2,1,1,3,2,1,3,2,2,2,3,3,3,2,1,3,3,4,4,5,2,1,3,2,1,1,4,3,1,2,2,1
8fvat,40,female,child,40,2,0,7,1,1,1,1,1,1,1,2,1,2,2,1,1,2,1,2,2,3,1,1,2,1,3,2,2,2,2,2,3,3,3,3,3,1,2,5,5,4,4,1,1,2,2,1,1,3,1,1,1,1,1
x70sm,65,female,parent,32,5,6,6,1,1,1,2,1,1,2,2,2,2,2,2,1,1,1,2,3,2,1,3,1,3,1,2,NA,4,2,1,3,2,2,3,5,3,5,4,4,3,4,1,2,2,2,3,3,4,3,2,2,3,2
x70sm,32,male,friend,15,6,7,4,1,1,2,1,2,1,2,2,3,3,2,3,1,1,1,2,3,3,3,4,2,4,1,3,3,2,2,2,3,2,3,2,5,5,5,4,4,2,2,2,4,4,4,3,3,4,4,4,4,3,3
x70sm,26,female,friend,7,3,5,8,2,2,1,1,2,1,2,2,2,2,2,2,1,1,1,2,2,2,2,2,1,3,1,3,2,3,1,3,2,2,3,3,5,3,5,5,4,3,2,4,4,3,2,2,1,5,4,3,3,2,3
t8leg,25,female,friend,10,6,6,1,2,2,2,1,2,1,1,2,3,2,3,2,1,2,1,1,2,3,2,3,1,2,2,3,2,3,2,2,4,3,4,3,2,2,3,5,5,4,4,2,1,2,2,1,2,1,1,1,1,1,1
t8leg,29,female,"sister in law, brother in law",11,2,2,1,2,2,1,1,1,1,1,2,1,2,2,2,1,1,1,2,1,2,3,2,1,2,2,2,1,2,2,2,2,3,4,4,5,4,3,4,4,3,4,2,1,3,4,1,1,1,1,1,1,1,1
t8leg,23,male,sibling,23,NA,5,4,2,1,2,1,1,1,1,2,2,2,2,2,3,2,2,2,2,2,3,3,1,2,3,2,2,2,2,3,3,2,3,2,4,2,4,3,4,3,4,2,2,3,2,2,2,2,2,1,2,3,1
h6vaq,60,female,friend,15,4,3,3,1,2,1,2,1,1,2,1,2,2,3,3,3,2,2,3,3,1,4,2,1,2,3,3,3,3,2,2,3,3,3,3,4,4,5,3,4,3,3,2,3,2,2,1,1,2,2,3,3,3,3
h6vaq,38,female,sibling,38,5,2,7,1,1,1,1,1,1,2,1,1,3,2,3,3,3,3,3,3,3,2,3,3,3,3,3,3,3,2,3,3,3,3,4,5,5,2,3,4,4,5,4,3,3,3,3,2,4,4,2,1,3,4
r48az,37,female,friend,12,8,9,8,1,1,2,2,2,2,1,2,4,2,4,2,2,3,3,2,2,4,2,4,2,3,2,3,3,2,2,1,4,3,3,2,2,3,2,2,2,5,4,3,2,1,1,4,4,3,4,2,1,3,1
r48az,23,male,child,23,3,3,5,1,1,2,2,2,2,1,2,4,1,4,1,2,1,1,2,2,2,2,2,2,3,2,2,2,2,2,2,4,3,3,4,3,1,1,3,2,5,5,1,2,2,2,1,3,1,4,2,3,2,3
r48az,44,female,partner,8,4,4,3,1,1,2,1,2,1,1,2,2,2,3,2,2,2,1,2,1,4,2,3,2,3,2,2,2,1,2,2,4,4,3,3,2,3,1,3,4,5,4,3,1,2,1,3,2,1,5,1,1,2,1
18dlb,64,female,parent,33,7,9,8,2,2,2,1,2,1,2,1,3,1,4,1,2,2,2,2,1,2,1,2,2,2,2,3,3,3,2,2,4,4,2,3,3,3,2,4,4,4,4,5,3,2,2,2,4,4,3,5,4,2,3
18dlb,31,female,sibling,31,3,2,2,2,1,2,1,2,1,2,2,4,2,4,2,1,2,1,2,2,2,1,2,1,2,2,4,4,3,2,1,4,4,2,3,1,3,1,4,4,4,4,2,3,3,2,2,4,5,4,5,2,3,4
18dlb,63,male,parent,33,5,7,4,2,2,2,1,2,1,2,1,3,1,3,1,2,2,2,2,1,3,2,3,1,3,2,3,2,3,1,3,4,3,2,4,2,2,2,4,5,4,4,3,4,2,1,1,2,4,4,4,4,2,2
xvnpv,56,female,sibling,56,5,3,7,1,1,1,2,1,1,1,2,2,2,3,2,2,2,2,2,3,2,2,4,1,3,1,3,3,3,1,2,4,3,2,3,3,2,3,4,4,5,5,2,2,1,2,3,3,2,2,1,1,2,2
xvnpv,69,male,partner,10,7,5,7,1,2,1,2,1,1,NA,2,1,2,3,2,3,3,3,2,1,4,1,3,1,1,1,3,3,2,1,1,3,1,4,3,4,3,1,5,5,5,5,1,1,1,1,2,3,4,4,1,1,4,1
xvnpv,33,female,child,33,4,5,7,1,1,2,2,1,1,2,2,1,2,3,1,1,2,2,2,2,2,2,2,1,1,2,3,2,3,2,2,3,3,3,2,2,3,4,1,5,5,5,2,3,1,1,3,2,2,5,2,2,3,1
6k05w,44,female,parent,20,5,3,4,1,1,1,1,2,1,1,2,2,2,4,2,4,2,3,3,2,2,3,2,1,2,1,2,3,3,2,2,3,3,4,4,5,5,4,3,4,3,2,2,1,3,2,2,2,1,2,1,4,2,1
6k05w,21,male,friend,9,3,1,6,1,2,1,1,1,1,2,2,2,3,2,3,4,2,3,4,3,3,2,3,2,1,1,3,4,4,2,2,4,2,3,4,5,5,5,4,4,1,2,4,3,2,3,1,1,2,1,2,1,2,1
6k05w,20,female,friend,4,5,3,7,1,1,1,2,1,1,2,2,2,2,3,2,3,1,3,3,3,4,2,3,2,2,1,3,3,3,3,2,3,3,3,4,5,5,3,2,2,3,3,3,4,5,4,2,2,2,2,3,2,1,1
hmcog,75,female,"NA",6,8,5,8,2,1,1,1,1,1,1,2,1,1,2,1,1,1,1,2,1,2,1,2,1,1,2,3,2,4,2,1,3,3,4,3,1,1,2,5,5,4,5,1,1,1,1,3,1,2,1,1,1,1,1
hmcog,75,female,friend,5,7,6,7,1,1,1,2,2,1,1,1,2,2,3,2,2,3,2,3,3,2,3,3,2,3,4,3,3,3,1,3,4,3,3,3,2,1,5,4,4,2,3,4,4,3,3,3,3,3,3,2,2,2,3
hmcog,58,male,spouse,20,7,6,3,1,1,1,2,1,1,2,2,1,2,4,2,2,4,4,2,3,1,2,4,2,3,4,4,4,3,2,4,4,2,4,4,1,4,5,5,5,4,4,4,4,3,2,1,3,1,1,3,1,4,4
0wpbe,55,male,spouse,36,8,8,6,2,2,2,2,1,1,2,2,2,1,3,1,1,1,1,2,1,2,1,3,1,3,1,2,2,4,1,2,4,3,1,2,1,1,2,4,3,4,3,2,2,1,1,3,4,2,3,3,2,1,1
0y2xh,46,female,neighbour,18,1,0,3,1,1,1,1,1,1,1,1,1,2,2,2,3,1,1,2,1,3,3,2,2,2,1,2,2,1,3,3,2,3,4,4,3,3,4,5,5,3,3,1,1,3,4,1,1,1,1,1,2,3,2
0y2xh,52,male,neighbour,18,4,1,3,1,1,1,2,1,1,1,2,2,1,2,1,1,1,2,1,1,2,1,2,1,4,2,2,2,4,1,3,3,4,4,4,1,1,2,3,4,3,4,2,2,3,4,1,1,1,3,2,2,2,2
tozmj,22,female,sibling,19,7,7,4,2,1,2,1,2,1,2,2,4,2,4,2,2,2,3,2,2,2,2,3,2,2,3,3,3,3,2,2,4,3,3,2,4,4,3,4,4,3,3,3,3,2,2,3,3,4,3,2,1,1,1
whvwv,62,female,friend,36,5,7,3,1,2,1,1,1,1,2,2,1,1,3,1,2,1,1,2,1,1,2,2,1,1,2,2,3,3,1,1,3,3,3,3,1,2,1,2,5,4,4,1,2,1,1,1,1,2,1,1,2,2,1
yi5hu,64,male,parent,24,4,6,5,1,2,2,1,1,1,1,2,2,1,3,1,2,1,1,2,1,1,1,3,1,3,3,3,3,4,2,1,3,3,2,2,2,1,4,3,4,3,4,2,2,2,1,2,1,4,3,3,2,1,1
yi5hu,27,male,partner,7,5,3,7,1,1,2,1,1,1,1,2,1,2,3,1,2,2,2,2,1,2,1,2,2,1,2,1,2,3,2,1,3,2,3,2,2,1,2,4,4,4,5,2,3,2,1,1,2,4,2,2,1,1,1
yi5hu,60,female,parent,24.5,5,5,4,1,1,2,1,1,1,2,2,2,1,2,1,1,1,1,1,1,3,1,2,1,2,3,2,2,2,1,1,4,3,2,1,1,1,3,3,4,3,5,2,1,1,1,2,2,2,1,3,2,1,1
hvzc3,73,female,friend,25,9,7,7,1,2,1,2,1,2,1,2,2,2,4,1,1,2,1,3,2,2,1,3,1,1,1,3,3,4,1,2,3,3,3,3,2,3,4,3,5,5,5,4,1,1,1,2,1,2,4,1,1,1,1
hvzc3,67,female,friend,8,8,6,8,1,1,1,2,1,2,2,2,1,2,3,2,2,2,3,3,2,1,2,3,2,4,3,3,3,3,1,3,3,3,2,2,3,4,3,3,4,3,3,2,3,2,2,3,2,3,2,2,2,2,2
hvzc3,40,female,child,40,6,3,7,1,1,1,2,1,1,1,2,1,3,3,3,4,4,3,4,3,4,4,3,3,4,2,3,4,2,2,3,3,4,4,3,3,3,5,3,3,2,2,3,4,2,4,1,4,2,3,3,1,3,1
paa9k,56,male,friend,25,8,8,4,2,2,2,2,2,2,2,2,3,2,4,1,2,3,2,3,2,4,3,2,2,1,1,4,4,4,2,1,4,3,2,3,4,3,2,3,5,5,5,1,1,1,1,4,2,5,5,2,1,3,2
paa9k,60,female,spouse,13,4,6,6,1,1,1,2,1,1,2,2,1,3,3,2,3,3,3,2,3,3,2,3,3,3,2,2,3,1,2,3,3,2,4,4,3,5,3,4,4,3,3,3,2,4,4,4,3,2,3,1,1,3,NA
vew3l,64,male,spouse,17,4,5,7,2,2,2,2,1,1,1,1,1,1,3,2,3,3,2,2,1,3,1,2,1,3,3,3,3,4,1,2,3,4,4,2,2,2,4,4,4,4,5,4,2,2,1,3,3,5,5,2,2,2,1
vew3l,32,male,child,32,6,7,8,1,2,2,2,1,1,2,2,1,1,3,1,1,1,3,2,1,2,1,3,2,3,4,3,4,3,2,2,3,4,3,2,2,3,5,3,4,4,5,2,4,1,1,3,3,NA,5,2,2,1,2
iv9hp,19,male,sibling,16,4,7,4,1,2,2,1,1,1,1,2,2,4,3,4,3,3,3,2,3,2,3,3,1,4,4,3,2,2,4,3,4,4,4,3,4,1,4,4,3,4,3,4,4,4,3,1,3,3,2,2,2,2,1
iv9hp,17,male,friend,1.5,6,6,9,2,2,2,2,2,2,2,2,3,2,4,2,4,3,4,3,4,2,3,2,2,4,3,3,3,4,4,3,3,4,4,2,4,2,5,2,3,2,2,4,2,4,5,2,3,5,3,4,2,2,5
iv9hp,16,female,friend,1.5,6,9,6,1,1,2,2,2,1,2,1,3,2,4,2,3,3,3,3,3,3,2,3,2,3,2,3,3,1,2,3,3,3,3,4,2,1,3,2,2,5,5,4,3,3,2,3,3,4,2,1,1,3,3
vjfcr,65,male,friend,44,3,2,3,1,1,1,1,1,1,2,2,1,1,2,1,2,1,1,2,1,3,2,1,1,1,2,2,2,2,2,2,3,4,4,4,2,2,3,3,4,3,3,1,2,3,2,2,1,3,4,3,1,2,1
vjfcr,67,male,spouse,42,6,3,6,1,1,1,2,1,2,1,2,1,2,2,2,2,2,2,3,2,2,2,2,1,3,2,2,2,2,2,2,3,3,2,3,3,4,2,4,4,3,4,1,3,3,3,4,2,3,2,4,4,3,4
vjfcr,62,female,sibling,62,4,7,5,1,1,2,1,1,1,1,2,1,2,3,2,1,1,2,2,2,3,1,2,1,2,3,2,2,2,2,1,4,3,3,4,3,4,2,3,4,4,5,2,2,3,2,3,2,2,3,1,2,2,1
o4p01,62,female,friend,55,7,6,7,2,2,1,1,1,1,2,2,4,2,4,2,3,2,2,2,1,1,2,3,1,2,2,3,3,3,2,2,4,3,2,3,4,3,4,4,4,3,4,1,2,2,2,3,3,2,3,1,1,2,1
o4p01,34,male,child,34,8,7,8,1,2,2,2,1,1,1,2,2,2,4,2,3,2,3,3,2,2,1,3,1,2,2,3,3,3,2,2,3,3,4,4,4,4,3,3,2,5,5,4,3,2,2,4,3,2,4,1,2,1,1
3o4up,73,female,sibling,73,7,6,8,2,1,1,2,1,1,1,2,2,1,2,1,2,4,3,2,2,1,1,2,1,1,2,2,1,4,2,1,2,3,2,3,NA,2,2,4,4,3,4,3,2,2,1,2,2,1,1,2,1,2,2
3o4up,63,female,spouse,44,5,5,5,1,1,2,1,2,1,1,2,3,1,2,1,2,1,1,2,1,2,1,2,1,1,2,2,1,4,2,2,2,1,2,1,3,3,3,3,3,4,3,4,3,3,3,1,1,1,1,3,1,3,1
3o4up,74,male,colleague,43,2,5,4,2,1,1,1,1,1,1,1,1,1,2,1,2,2,2,1,1,2,1,1,1,2,2,2,2,3,2,3,2,2,3,3,4,2,1,4,4,5,5,4,3,2,2,2,1,1,2,2,2,1,1
ypd30,16,male,sibling,16,4,7,1,2,2,2,1,2,1,1,2,3,1,3,1,2,1,2,2,1,2,1,2,1,2,3,2,2,4,1,1,3,2,3,3,2,2,2,3,3,4,5,2,2,1,1,1,2,4,3,1,1,1,2
ypd30,47,female,parent,19,2,2,1,2,1,2,1,2,1,1,2,3,1,2,1,1,1,1,1,1,3,1,1,1,1,2,2,2,4,2,1,3,4,4,3,1,1,1,3,4,4,5,1,1,1,1,1,2,2,3,1,1,1,1
fayc7,45,male,child,45,6,5,7,1,1,1,2,1,1,1,2,1,2,3,1,1,1,2,2,2,2,1,2,1,1,2,2,3,4,3,1,4,3,4,4,3,2,2,2,3,5,5,2,2,2,2,3,3,3,4,1,1,1,2
fayc7,61,female,colleague,23,7,4,5,1,1,1,1,1,1,1,2,1,1,4,1,3,1,1,3,1,1,1,1,1,1,2,3,3,1,2,1,4,4,2,3,3,1,2,4,3,4,5,1,3,2,2,1,1,3,2,3,4,2,3
fayc7,42,male,child,42,5,6,4,2,2,1,1,1,1,1,2,1,1,3,1,2,2,2,2,2,2,1,1,1,2,3,2,2,4,1,2,4,2,3,3,2,1,2,4,5,2,4,2,3,2,3,2,2,3,3,1,2,1,2
x9lh0,31,female,spouse,8,8,9,8,1,1,2,1,2,1,1,2,4,1,4,2,3,1,1,3,1,3,1,2,3,1,1,4,4,2,3,1,4,3,3,3,5,4,1,4,4,5,5,1,3,3,2,3,2,1,3,4,4,4,1
9w1z1,17,female,friend,7,8,9,6,1,1,2,1,2,1,2,1,3,1,4,1,1,2,2,2,1,3,2,1,1,1,3,3,2,3,3,1,4,4,3,2,2,2,1,2,4,4,4,2,3,2,2,4,4,5,3,4,3,3,3
9w1z1,17,male,friend,2.5,5,6,4,1,2,2,1,1,1,2,2,3,1,3,1,2,1,2,2,1,2,2,2,2,1,3,2,2,1,3,2,4,4,3,3,2,3,2,4,3,5,5,2,2,2,2,3,2,5,2,2,2,2,1
vdg3m,35,male,colleague,4,2,3,1,1,1,1,2,1,2,2,2,1,2,2,1,2,1,2,3,1,3,2,1,1,1,2,2,2,3,1,2,3,2,4,4,4,5,4,4,5,3,4,2,2,4,4,1,1,3,2,1,1,3,2
vdg3m,33,female,friend,7,4,5,6,1,1,1,1,2,1,2,2,2,2,2,1,1,1,1,1,1,1,1,2,1,3,1,2,1,3,2,2,3,2,3,4,3,5,4,4,5,4,5,4,2,2,3,1,1,2,2,1,1,1,1
50v87,31,male,friend,25,8,6,7,1,1,2,2,2,1,2,2,4,3,4,4,1,2,3,3,3,3,3,3,4,3,1,4,4,2,3,1,4,4,4,4,5,4,4,2,2,4,4,2,3,4,4,5,4,5,4,1,1,1,1
0i8rx,39,female,child,39,4,4,4,1,1,1,2,1,2,2,1,1,3,1,3,1,1,1,2,1,3,2,2,1,1,3,1,2,4,3,3,2,2,3,3,3,4,4,5,4,4,3,1,1,4,5,3,1,3,1,4,4,3,4
0i8rx,68,female,spouse,45,5,6,2,1,2,1,1,1,2,2,2,1,2,4,2,1,1,1,3,2,2,1,1,1,1,3,2,2,3,3,3,2,3,3,2,4,5,2,3,3,3,3,1,2,3,3,5,2,2,1,3,4,1,4
2nmr6,26,female,friend,2,4,7,3,1,2,2,2,NA,2,1,2,3,3,3,3,4,3,1,4,2,4,2,3,1,2,1,3,3,2,2,2,4,3,2,3,3,4,3,1,1,3,4,3,4,4,2,2,4,3,4,3,4,1,1
2nmr6,27,male,friend,5,4,4,7,1,2,2,2,1,1,1,2,2,2,4,1,1,2,3,3,1,3,2,3,2,1,1,3,4,3,2,2,4,4,3,3,4,NA,3,3,4,3,4,4,4,3,2,2,2,4,4,2,1,2,1
2nmr6,28,female,friend,2,5,6,7,1,1,2,2,2,1,2,2,4,2,3,2,1,2,2,3,2,3,1,3,1,2,1,3,3,3,1,3,4,4,2,3,3,1,1,2,2,3,3,2,4,2,2,3,2,3,4,1,1,1,1
48uu8,53,female,colleague,20,4,6,3,1,2,1,1,1,1,2,1,2,1,3,1,2,1,1,2,1,2,1,2,2,1,2,2,2,2,1,2,3,3,2,3,1,2,2,4,4,4,5,2,1,1,2,2,2,3,3,3,2,2,2
48uu8,74,female,friend,20,8,5,5,1,1,2,1,1,1,1,2,2,1,3,1,1,1,1,2,1,1,1,2,1,1,2,2,2,3,1,1,4,3,2,2,3,2,1,2,3,4,5,4,3,2,2,2,2,3,4,2,3,1,1
48uu8,31,female,"aunt, uncle",31,3,2,3,2,2,1,1,1,1,1,2,2,2,3,1,1,1,2,1,1,1,1,1,1,1,2,2,2,4,1,2,4,4,2,2,2,1,2,2,4,5,5,2,1,1,1,2,2,1,3,2,1,3,1
g0vr6,61,male,friend,50,8,8,3,1,1,2,1,1,2,2,2,3,1,3,1,1,2,2,2,1,1,2,2,1,1,2,3,3,2,2,2,4,3,1,2,1,4,2,4,5,5,5,4,2,1,1,3,2,2,4,2,1,1,1
g0vr6,46,male,friend,8,6,6,4,2,2,2,1,1,2,2,1,2,2,2,2,2,2,2,2,2,1,2,2,1,2,3,2,2,4,2,2,3,3,2,2,2,2,3,3,3,3,4,3,4,3,3,2,3,4,4,2,2,2,2
g0vr6,59,female,partner,4,8,8,7,2,2,2,1,2,1,2,1,3,1,4,1,3,2,2,3,NA,2,2,2,2,3,2,3,3,3,3,2,4,3,2,3,2,2,3,2,3,3,3,3,3,2,2,2,3,5,4,1,2,3,2
eo96j,40,female,child,34,5,7,5,1,2,1,1,1,1,2,1,2,1,3,1,3,2,3,3,2,2,2,2,2,1,2,2,2,3,1,1,3,2,3,2,3,2,3,2,4,5,5,1,2,3,2,2,2,1,2,3,3,3,3
eo96j,64,male,friend,42,6,6,4,2,1,1,1,2,2,2,1,3,1,3,1,1,2,2,3,1,2,1,2,2,1,2,3,2,1,2,1,2,3,3,2,2,3,3,3,4,4,5,4,4,2,2,4,3,4,4,1,2,1,5
f9d6j,34,male,friend,15,5,6,3,1,2,2,1,1,2,2,2,2,2,3,1,2,2,3,2,3,2,1,3,1,2,2,3,2,3,3,3,3,3,3,3,4,3,4,4,5,4,4,3,4,3,2,2,2,4,3,1,3,1,1
f9d6j,33,male,friend,7,6,6,5,1,2,2,2,2,1,2,2,4,2,4,2,1,3,4,3,3,2,2,3,1,3,2,4,4,3,3,4,4,2,2,2,4,4,5,3,4,3,4,3,4,2,2,3,4,4,5,1,2,1,1
f9d6j,36,male,friend,21,7,7,5,1,1,2,1,1,1,1,2,3,2,4,1,1,2,3,1,2,2,1,3,1,2,1,2,2,4,2,2,4,3,4,3,3,2,2,4,5,5,5,2,1,1,1,3,3,4,2,1,1,1,1
tetwh,30,male,child,30,7,6,8,1,1,1,1,1,2,1,1,1,1,3,1,3,2,2,2,1,3,2,1,1,1,1,3,2,4,2,1,3,3,3,4,3,4,4,4,3,5,5,1,1,2,2,3,1,2,2,1,1,2,3
tetwh,58,female,spouse,38,4,4,3,2,1,1,1,1,1,1,2,1,1,2,1,1,2,2,1,1,3,1,2,2,1,2,2,2,3,1,1,2,3,3,4,3,2,4,4,3,4,5,1,1,3,2,1,1,3,1,1,3,2,4
tetwh,27,male,parent,27,4,5,4,1,1,1,1,1,1,1,1,2,1,3,1,3,3,2,4,2,4,2,2,1,1,1,2,2,3,2,1,3,3,1,3,2,4,2,3,5,4,4,1,2,3,1,1,1,3,2,1,2,2,4
jjln9,52,female,acquaintance,2,10,5,8,1,1,2,2,1,1,1,2,2,1,4,1,3,3,3,3,3,4,2,4,3,3,1,4,4,4,1,1,3,3,3,3,1,5,2,3,2,5,5,3,3,1,1,1,3,1,5,2,2,2,1
jjln9,41,male,colleague,0.15,7,NA,8,2,2,2,1,1,1,1,2,2,2,3,2,2,2,2,2,3,2,2,3,2,3,2,3,3,3,2,2,3,3,3,3,3,2,3,4,4,4,4,2,3,2,1,2,2,2,2,1,1,1,1
jjln9,51,male,friend,15,9,7,7,1,2,1,2,1,1,1,2,2,4,3,3,3,3,3,1,2,4,2,4,2,4,1,3,3,3,2,2,4,3,3,4,2,NA,2,2,2,4,5,4,4,2,1,5,5,3,5,4,1,3,4
nsa0l,55,female,parent,32,5,7,7,2,2,2,2,1,2,2,2,3,2,3,2,3,3,2,3,2,3,2,2,1,3,1,2,3,3,1,3,4,3,3,3,4,3,2,3,4,4,4,4,2,3,2,3,4,3,1,3,1,3,2
y6smm,47,female,child,47,8,7,8,2,2,2,2,2,1,2,2,4,1,4,1,2,2,2,3,2,3,1,3,2,2,1,3,3,4,1,2,3,4,2,2,1,2,1,2,4,4,4,2,4,1,1,4,3,3,4,2,2,2,2
y6smm,44,male,child,44,4,2,6,2,2,1,1,1,1,1,2,4,2,2,2,2,2,3,2,2,2,2,2,1,1,2,2,1,4,2,3,3,3,2,2,1,1,2,4,4,2,4,2,2,2,2,2,1,3,2,3,3,2,2
y6smm,61,male,acquaintance,5,6,6,4,1,2,1,1,2,1,2,2,3,1,2,1,1,2,2,2,1,2,2,2,1,1,1,2,2,2,2,1,3,2,1,2,1,1,2,5,4,5,3,1,2,1,2,5,3,2,2,1,2,1,1
1codz,70,female,grandparent,17,5,NA,NA,1,1,2,1,1,1,2,2,3,3,3,3,2,1,2,3,3,2,3,3,2,3,2,3,3,2,3,3,3,4,4,4,3,4,3,4,3,3,4,4,4,3,4,2,3,5,3,1,3,2,2
1codz,43,female,parent,16,7,8,7,2,2,2,1,2,2,1,1,3,2,2,2,1,1,2,3,3,3,3,3,2,3,2,3,3,2,2,3,2,3,4,4,5,4,4,4,3,2,2,3,5,5,5,3,4,5,3,3,1,3,4
bjchh,56,female,partner,9.5,6,6,7,1,1,1,1,1,1,1,2,2,1,3,1,1,1,2,2,1,1,1,3,2,2,2,3,2,3,1,2,3,3,3,2,4,1,3,5,5,5,5,1,1,2,2,1,1,1,4,1,2,1,2
bjchh,27,female,child,27,3,3,5,1,1,1,1,1,1,2,1,2,1,3,1,2,2,2,2,2,2,2,2,2,2,2,3,3,3,2,2,3,3,2,2,3,2,3,3,3,4,4,2,2,2,2,2,1,3,3,2,2,2,2
bjchh,38,female,colleague,3.25,4,5,7,1,1,1,2,2,1,1,2,3,1,3,1,NA,1,2,2,1,1,1,1,1,2,2,2,2,4,1,2,4,3,3,2,2,2,2,4,4,5,5,2,2,1,1,3,1,2,4,1,2,1,1
rdrfp,29,female,sibling,30,3,3,6,2,2,1,2,1,1,1,1,4,1,2,2,1,1,2,2,1,2,2,2,1,2,3,2,3,3,2,1,3,2,2,3,2,2,2,2,3,5,5,2,4,3,2,1,2,3,2,2,1,2,2
rdrfp,33,female,friend,19,7,7,4,2,1,2,2,1,2,2,1,3,1,4,1,1,2,3,2,4,2,2,4,2,2,1,2,2,2,1,1,4,3,3,3,4,4,1,2,3,5,5,3,2,2,1,2,3,4,4,2,3,2,3
rdrfp,33,female,friend,1,4,8,7,1,2,2,2,2,2,2,2,3,4,4,1,3,NA,1,3,2,3,1,2,1,2,1,4,3,3,1,1,4,3,2,4,2,1,1,2,3,5,5,4,4,1,2,4,3,4,4,5,1,1,1
xixjx,30,female,child,30,5,5,8,1,1,2,1,2,1,1,2,3,1,4,1,1,3,2,3,2,3,2,3,1,1,3,3,2,2,2,3,4,4,3,3,2,2,3,5,5,5,5,4,4,1,1,2,2,4,5,1,1,1,1
xixjx,44,female,former neighbour,20,5,5,7,1,1,2,1,1,1,2,2,2,1,3,1,1,2,2,2,2,1,1,2,1,2,3,2,2,4,1,2,4,3,2,2,2,2,3,4,4,4,5,2,3,1,1,4,3,3,3,3,2,1,1
xixjx,71,female,friend,3,9,9,7,2,2,2,2,2,2,2,2,3,1,3,2,1,2,2,2,1,3,1,2,1,3,2,3,2,4,1,1,4,4,3,3,3,3,2,3,4,5,5,3,2,1,1,3,3,4,4,1,1,2,1
x0ehw,38,female,friend,6,7,4,10,1,1,1,2,1,1,2,2,1,3,4,2,3,2,2,3,2,4,2,4,2,4,1,3,2,3,1,3,4,4,3,3,3,5,4,3,4,5,3,2,2,4,4,1,4,3,2,1,1,1,1
x0ehw,37,female,friend,6,7,4,9,2,2,2,2,1,1,2,2,1,3,3,3,3,3,3,2,3,1,4,3,1,4,3,2,2,4,1,3,3,2,2,2,5,4,5,4,4,2,3,2,2,5,5,3,2,3,3,2,1,3,2
3345j,37,female,colleague,6,6,7,6,1,1,1,1,2,1,1,2,3,1,4,1,2,1,2,2,2,4,2,2,1,1,2,3,3,3,2,1,4,4,3,2,2,3,3,3,3,5,5,2,2,1,1,3,2,4,3,1,2,1,1
3345j,27,female,friend,8,8,5,5,1,2,1,1,1,NA,2,2,2,1,3,1,1,1,1,2,1,3,1,1,1,1,1,3,2,4,1,2,3,3,2,2,3,2,3,2,3,5,5,2,1,2,2,2,2,2,2,1,1,1,1
3345j,29,female,sibling,29,7,8,3,1,1,1,1,1,1,1,1,2,1,3,1,1,1,1,2,2,1,1,2,1,1,2,2,2,4,2,1,4,3,2,3,2,1,2,4,3,5,5,2,3,1,2,1,1,3,1,1,1,2,1
m0095,77,female,friend,37,9,9,5,2,1,1,1,1,1,1,2,2,1,3,1,1,2,2,2,1,4,1,2,1,2,1,3,3,2,1,2,2,2,1,1,1,1,1,4,4,5,5,4,2,1,1,4,3,2,4,2,1,4,2
m0095,67,male,spouse,30,8,7,6,1,1,1,2,1,1,1,1,1,2,2,2,3,3,4,2,2,4,2,3,1,3,2,2,3,4,2,2,2,2,1,2,1,2,1,4,4,5,4,2,2,2,1,4,2,3,2,5,3,2,5
m0095,33,male,"daughter in law, son in law",10,4,4,3,2,1,2,2,1,1,2,2,2,1,3,1,3,3,3,4,2,3,1,2,1,1,1,3,2,4,2,2,3,3,3,3,1,4,3,4,5,5,5,5,NA,3,2,4,1,1,3,2,1,3,4
u5ou5,71,female,spouse,52,7,3,8,1,1,1,1,2,1,2,2,1,3,4,2,2,2,2,3,1,2,2,2,2,1,1,3,2,4,2,1,4,4,1,3,3,4,4,3,4,3,4,2,3,2,4,3,3,1,1,3,1,3,4
u5ou5,67,female,friend,40,5,1,5,1,1,1,1,2,1,2,2,2,1,2,1,2,1,1,2,1,3,2,1,2,1,2,4,3,3,2,2,3,3,3,3,3,2,3,4,3,4,4,2,4,3,2,1,1,3,2,1,2,3,3
u5ou5,86,male,friend,37,7,7,5,2,2,1,1,1,1,1,2,2,1,3,1,1,1,1,2,1,2,1,2,1,1,2,3,2,3,2,1,4,3,2,2,2,2,2,3,4,4,4,1,1,2,1,4,2,3,3,1,2,1,2
uhv2o,50,female,friend,20,7,7,10,1,1,1,2,1,1,1,2,1,3,3,3,3,2,2,4,3,4,3,4,2,3,2,3,3,2,3,3,3,3,3,4,5,5,5,3,3,3,2,2,4,4,4,4,3,5,2,1,1,4,3
uhv2o,26,female,child,26,4,3,8,1,1,1,2,2,1,1,2,1,3,2,3,3,2,3,3,3,4,3,4,2,4,3,4,4,2,3,3,4,3,4,3,5,4,4,2,2,5,4,2,2,3,3,2,1,1,1,1,1,2,1
k1d8d,73,male,friend,25,2,2,6,1,1,1,2,1,1,2,2,1,1,2,1,1,1,4,3,1,1,1,1,1,1,1,2,1,4,1,1,2,2,2,2,2,1,2,3,3,5,5,1,2,1,1,4,1,1,1,1,1,3,1
k1d8d,67,male,friend,45,5,4,6,1,1,1,2,1,1,1,2,2,2,2,2,2,2,2,2,2,1,2,3,2,3,2,2,2,3,2,2,3,2,3,2,2,1,3,4,3,3,4,2,2,2,2,3,2,2,2,1,1,3,1
k1d8d,25,female,parent,25,7,6,4,1,1,1,2,2,1,2,2,2,1,3,1,2,2,2,2,3,2,2,2,2,3,1,2,2,4,1,1,3,2,3,1,1,3,2,5,3,5,5,3,2,2,1,2,2,3,2,1,3,5,1
hgghw,47,female,parent,19,4,2,2,1,1,1,1,1,1,1,1,1,2,2,2,2,1,1,2,2,3,2,2,2,2,2,2,2,2,2,1,3,3,4,4,4,3,2,3,3,4,4,2,2,2,2,2,1,4,3,1,1,1,2
hgghw,25,female,sibling,19,2,1,2,1,1,1,1,1,1,1,1,1,2,3,2,1,2,2,2,2,3,2,2,2,2,1,2,2,2,2,1,3,3,4,4,4,3,2,3,3,4,4,2,2,2,2,2,1,4,3,1,1,1,2
hgghw,26,female,acquaintance,16,3,1,3,1,1,1,1,1,2,1,1,1,2,2,2,2,2,2,2,2,3,2,2,2,1,1,2,2,2,3,1,3,3,3,3,1,2,1,3,3,5,5,1,2,2,2,2,2,3,2,1,1,2,2
opl8a,72,male,grandparent,19.5,5,6,4,1,2,2,1,2,1,1,2,3,2,3,2,4,3,3,3,3,3,2,3,1,2,3,3,2,3,1,2,3,4,3,3,4,3,2,5,3,4,3,2,2,2,2,3,2,4,2,2,2,3,3
opl8a,43,female,parent,19,5,6,3,1,1,2,1,2,1,1,1,4,2,3,2,2,3,3,2,3,3,1,2,2,3,3,3,3,3,2,2,4,4,3,3,3,2,3,3,4,3,5,4,3,2,2,2,1,2,3,1,2,2,2
28aqw,33,male,partner,3,6,6,5,1,1,2,1,2,1,1,2,3,1,3,1,2,2,2,1,2,1,2,3,1,3,4,2,2,4,2,2,3,3,3,2,2,2,4,5,5,3,5,2,3,3,1,2,2,3,1,1,1,1,1
28aqw,64.5,female,parent,34,6,5,6,1,1,2,1,2,1,1,2,2,3,3,3,2,2,2,2,2,1,2,3,3,3,2,3,3,3,2,3,4,3,2,3,3,2,5,4,5,2,3,1,2,3,4,2,1,4,2,3,2,1,1
28aqw,35,female,sibling,34,7,4,6,1,2,1,1,2,1,1,2,4,3,3,3,1,2,2,2,2,2,1,2,4,1,3,3,2,4,2,2,4,3,2,2,3,1,4,2,3,4,3,4,2,4,3,1,1,3,2,2,1,1,3
vpmyf,31,male,friend,3,4,2,2,1,1,1,1,1,1,1,2,1,2,2,1,1,1,1,1,1,2,1,2,1,2,2,1,1,3,2,1,2,3,3,3,2,1,1,4,4,5,4,2,2,2,1,3,2,3,2,5,3,2,1
1x78r,43,female,child,43,5,5,4,1,1,1,1,1,1,2,1,1,1,2,1,3,2,2,3,2,1,2,3,1,NA,3,2,2,4,2,NA,2,2,2,1,1,3,4,5,5,5,5,5,3,1,1,1,1,3,1,1,3,3,3
1x78r,69,female,spouse,50,6,7,5,1,2,1,1,1,1,2,2,1,1,2,1,1,2,2,1,1,2,1,2,1,2,3,2,1,4,1,3,3,2,1,1,1,1,2,3,5,3,5,2,4,1,1,1,3,1,5,1,1,3,3
1x78r,82,female,neighbour,45,2,3,NA,NA,1,2,1,2,2,1,2,1,2,4,2,2,2,2,4,4,2,2,2,3,4,2,4,3,1,3,1,NA,NA,3,2,4,5,2,5,4,2,2,4,2,3,4,1,3,3,4,5,4,5,4
9ai4y,59,male,spouse,3,8,6,7,1,1,1,1,1,1,2,2,1,1,3,1,2,1,1,2,1,2,1,2,2,2,1,3,2,4,1,1,4,3,4,3,1,1,1,4,5,5,5,2,3,1,2,1,4,3,5,1,2,3,1
9ai4y,21,female,"niece, nephew",21,6,7,3,1,1,1,1,1,1,2,2,2,1,3,1,2,1,1,3,1,3,2,3,2,2,2,2,2,4,2,2,3,3,3,2,2,2,2,4,4,5,5,2,2,1,1,1,1,3,4,1,1,1,1
1zi3s,60,male,spouse,38,3,3,6,2,1,1,1,1,1,1,2,4,2,2,2,2,2,2,2,3,1,1,2,1,3,2,2,2,2,1,2,2,3,3,3,2,1,3,4,3,3,4,1,2,4,2,1,2,2,3,3,1,2,1
eme40,55,female,spouse,18,3,3,4,1,1,1,1,1,2,1,1,1,1,2,1,2,2,2,2,1,2,2,2,4,2,4,2,2,4,2,2,2,2,3,3,2,2,2,5,5,3,4,2,2,3,3,1,1,2,3,3,3,1,3
hzw8w,28,male,colleague,3.5,4,6,5,1,1,2,1,1,1,2,1,3,2,2,2,1,1,2,2,2,1,2,3,1,2,2,2,2,4,2,2,3,4,3,2,3,2,4,4,5,3,4,2,2,2,1,3,2,2,2,2,1,1,3
hzw8w,23,female,friend,3.5,7,7,6,1,1,2,1,2,1,2,2,3,2,4,2,2,2,1,2,2,3,2,2,2,2,1,3,2,3,2,2,4,3,3,2,4,2,3,2,2,3,4,2,3,2,3,2,2,4,3,1,1,1,3
hzw8w,25,male,colleague,3.5,3,4,3,1,1,2,1,1,1,2,2,3,3,3,3,1,2,2,2,2,1,2,2,1,3,2,3,2,4,1,3,2,3,2,3,3,2,3,4,3,3,4,2,2,3,2,2,1,2,2,2,1,2,2
ltzmu,40,female,colleague,3,3,4,2,1,2,1,1,1,1,2,1,1,3,2,3,2,2,2,2,2,1,2,1,1,1,4,2,2,3,2,2,3,4,2,3,3,4,4,4,4,3,3,1,2,4,3,2,1,5,2,4,2,1,2
ltzmu,32,male,"sister in law, brother in law",10,6,6,6,1,1,2,1,1,2,1,2,2,2,3,2,2,2,2,2,2,1,2,2,1,2,3,3,2,4,2,2,3,3,3,2,3,3,3,3,3,4,4,2,3,2,2,3,2,4,3,2,2,2,2
ltzmu,35,female,friend,8,6,6,6,1,1,2,1,1,2,1,2,3,1,3,1,2,1,1,2,1,2,1,2,1,2,2,3,3,3,2,2,4,4,3,2,3,2,3,4,3,4,5,1,2,2,2,3,3,4,3,2,1,1,2
9x404,43,female,parent,17,6,6,7,1,1,2,1,2,1,1,2,3,2,3,2,2,2,2,2,3,2,2,2,1,2,2,3,3,3,3,2,3,3,2,2,4,3,4,4,4,2,3,4,3,4,4,4,2,4,3,2,1,2,2
9x404,23,female,sibling,17,8,8,7,2,2,2,2,2,2,2,2,4,3,4,3,4,4,4,4,4,3,2,4,2,4,2,3,3,3,2,3,4,4,2,2,3,4,5,4,4,2,2,4,4,4,3,3,4,5,5,3,1,3,1
9x404,15,male,sibling,15,8,8,7,2,2,2,2,2,2,2,1,3,3,3,2,4,3,3,4,3,2,3,4,1,4,2,3,2,2,2,4,4,4,2,2,4,4,4,3,4,1,2,4,5,3,3,5,4,5,5,3,4,3,2
dhnen,18,female,partner,2,4,5,2,1,1,2,1,1,2,1,2,3,1,3,1,3,2,3,2,3,3,1,2,2,1,3,2,2,3,2,1,4,3,2,4,3,4,4,3,3,3,4,5,3,3,2,2,2,3,2,2,1,2,3
dhnen,24,male,sibling,18,7,9,7,1,1,2,1,2,1,1,1,4,2,3,2,2,3,3,2,3,4,2,3,2,2,1,3,4,2,4,1,4,3,3,3,4,3,3,1,2,3,4,2,4,3,2,3,3,4,4,2,2,4,4
rsitg,20,female,child,20,5,2,4,1,1,1,1,1,2,2,2,1,3,2,2,2,1,1,2,1,2,3,1,1,1,2,1,2,4,2,2,3,3,2,2,3,2,2,4,3,4,4,2,2,3,3,2,2,4,3,3,4,3,3
rsitg,50,male,friend,4,7,3,8,1,1,2,2,1,1,1,1,1,1,2,2,3,2,2,2,2,2,2,3,1,3,2,3,3,2,2,2,4,3,3,3,1,2,4,4,4,4,4,3,2,2,2,3,1,1,1,1,2,2,3
rsitg,22,male,child,22,3,1,7,1,1,1,1,1,1,2,2,1,2,2,2,3,2,3,3,2,2,3,3,1,4,4,1,1,3,2,3,2,3,3,3,1,5,4,4,4,5,5,4,2,4,3,1,1,2,2,2,3,2,2
vpmyf,61,female,spouse,40,4,8,4,1,1,2,1,1,1,1,2,1,4,2,4,1,1,1,2,1,2,1,2,1,1,1,2,1,4,1,1,1,2,3,3,2,1,1,4,5,5,5,1,1,1,1,1,1,1,2,1,1,1,1
jqa4t,72,female,spouse,55,8,8,6,NA,NA,NA,NA,NA,NA,NA,NA,4,1,3,1,2,1,2,3,1,2,1,2,2,2,2,3,2,4,1,2,NA,NA,NA,NA,NA,NA,NA,3,3,4,5,2,3,2,1,2,3,5,5,2,1,2,3
jqa4t,40,female,child,40,5,8,5,1,2,2,1,2,1,2,1,3,1,4,1,2,1,2,2,1,2,2,1,3,1,3,2,2,4,1,1,4,4,2,3,2,2,2,2,3,5,5,1,3,1,1,3,3,5,5,2,1,2,2
jqa4t,60,male,friend,20,5,6,4,2,2,2,1,1,2,2,2,2,1,3,1,1,2,1,2,1,1,2,2,4,1,3,3,2,3,1,2,3,4,4,4,2,2,4,3,4,4,5,2,3,1,1,3,2,5,5,3,2,1,3
75hrf,70,female,parent,50,8,5,9,1,1,1,2,1,1,2,2,2,3,4,3,3,1,1,2,1,2,1,3,1,4,1,3,4,2,3,4,4,3,2,1,1,3,4,1,1,1,1,5,5,3,1,3,5,1,5,5,4,3,1
75hrf,69,male,parent,50,7,5,3,1,1,1,2,1,1,1,2,2,4,3,1,3,3,4,3,4,2,1,4,2,3,3,4,3,3,3,4,4,4,2,3,3,4,5,1,1,1,2,5,5,3,3,2,4,1,2,5,3,2,3
75hrf,51,male,former spouse or partner,26.5,6,6,4,1,1,1,2,2,1,1,2,4,1,3,1,1,1,1,2,1,1,2,3,1,4,3,2,3,3,2,3,2,2,2,2,2,3,3,5,4,3,3,4,5,3,1,1,1,2,1,2,1,1,NA
nyqxv,75,female,spouse,50,7,6,8,1,1,2,1,1,1,1,1,4,2,3,2,2,2,2,2,1,2,1,1,1,1,1,3,3,3,2,2,4,3,3,3,3,3,3,3,3,4,5,3,4,2,2,3,2,5,4,3,1,3,3
nyqxv,44,male,child,44,7,7,8,1,2,2,2,2,1,2,2,4,2,4,2,NA,2,2,2,1,3,3,2,1,1,1,3,2,2,2,2,3,4,2,1,3,4,4,2,5,5,5,4,4,1,1,2,3,5,5,3,2,3,4
as8uq,58,female,spouse,34,3,5,2,1,2,1,2,1,1,1,1,1,3,2,1,4,2,3,4,2,3,2,2,1,1,2,3,4,3,3,2,3,3,3,3,1,2,2,3,4,5,5,1,3,2,2,1,2,1,5,1,1,3,4
bz14f,53,female,friend,10,7,4,7,1,1,1,2,1,1,1,2,2,1,4,1,2,1,2,2,1,1,1,1,1,1,3,3,2,4,1,2,4,4,3,3,2,3,3,5,4,4,5,1,2,2,1,3,2,1,1,1,1,1,1
bz14f,22,female,child,22,3,3,6,1,2,1,1,1,1,1,2,2,2,2,2,2,3,3,2,2,2,2,3,1,3,3,2,2,3,2,2,3,3,3,3,2,2,4,4,3,3,4,4,2,3,3,2,2,2,2,2,2,3,3
rf9p6,56,male,spouse,28,2,2,3,1,1,1,1,1,1,2,2,1,1,2,1,1,2,1,2,1,2,1,2,1,2,2,2,2,3,2,3,2,2,2,4,2,2,2,4,4,4,4,3,2,4,3,2,2,3,2,3,2,1,4
rf9p6,22,female,child,22,3,2,5,1,1,1,1,1,1,1,2,1,2,2,1,2,2,2,1,1,2,3,2,1,3,4,1,1,3,2,2,2,3,2,4,2,2,3,3,4,3,2,3,2,3,4,2,1,2,1,1,3,2,4
rf9p6,66,female,friend,15,5,3,6,1,1,1,1,1,1,1,1,1,1,2,1,2,1,1,2,1,1,1,2,1,2,2,2,1,4,2,2,2,2,3,3,3,2,3,5,4,4,5,1,5,4,2,1,1,2,1,1,2,2,2
1ycc1,37,female,friend,11,6,8,7,1,2,2,2,2,2,1,2,3,2,3,2,1,2,3,2,2,1,2,4,2,3,3,4,4,3,1,4,3,3,4,3,4,2,4,5,3,4,4,4,3,2,2,4,3,2,3,1,1,1,1
1ycc1,70,male,parent,40,8,9,8,1,NA,2,2,1,1,1,2,4,1,4,1,2,2,2,2,1,3,1,3,1,3,1,4,3,3,1,2,3,3,4,3,3,3,3,2,3,4,4,3,3,2,1,3,3,1,4,1,1,1,1
8g0yu,56,female,child,18,7,8,6,2,1,2,NA,2,1,NA,2,3,3,3,3,3,3,2,2,3,2,2,NA,1,3,2,3,3,2,2,3,4,3,3,3,3,3,4,2,2,2,3,2,2,2,1,2,3,4,3,2,1,2,1
9d0qi,49,male,friend,10,3,4,6,2,2,2,2,2,1,1,2,3,2,3,1,3,3,3,1,3,3,3,1,3,2,2,2,2,1,3,3,3,4,3,4,3,4,4,5,4,5,5,4,1,2,1,3,2,1,5,1,1,2,1
9d0qi,55,female,friend,10,8,9,6,1,1,2,1,1,1,1,2,2,1,3,1,2,2,2,2,1,2,2,1,1,1,4,2,3,3,2,2,4,4,3,3,2,1,2,5,5,5,5,1,1,1,1,1,1,3,2,1,1,1,1
jopv5,47,female,acquaintance,2,7,3,5,1,NA,1,2,2,1,NA,2,1,2,3,1,2,2,2,2,3,1,2,3,1,3,1,2,2,NA,3,2,3,4,3,1,4,3,4,2,3,3,3,4,3,2,3,3,4,2,1,3,2,3,2
jopv5,55,female,NA,30,8,8,5,1,2,2,2,2,1,1,2,3,2,4,2,3,2,2,2,3,1,3,2,1,2,2,2,2,4,2,3,3,3,2,3,4,2,4,3,3,4,4,2,3,2,1,2,2,1,2,2,1,3,1
i5n1e,58,female,child,58,4,2,5,1,2,1,1,1,1,1,2,1,2,2,2,2,2,3,3,1,1,2,2,1,NA,2,2,2,3,2,1,2,3,2,2,3,4,3,4,5,3,4,4,4,2,3,2,2,1,1,1,2,3,2
i5n1e,68,male,acquaintance,20,3,3,6,1,2,1,1,1,1,1,2,1,1,3,1,2,1,1,1,1,1,1,2,1,4,2,2,3,4,1,3,3,3,3,2,1,1,3,5,5,3,4,2,2,2,2,1,1,1,1,1,1,1,1
3lwnu,38,male,child,38,3,2,4,2,2,1,1,1,1,1,1,1,1,2,1,2,2,2,1,1,3,1,2,1,1,2,2,2,4,1,1,2,2,3,3,2,2,2,4,4,5,5,5,3,2,2,1,1,1,1,2,4,3,2
3lwnu,76,female,spouse,42,5,7,4,1,1,1,1,1,1,1,1,1,1,NA,1,2,1,2,3,1,3,2,2,2,2,3,3,3,2,NA,1,2,3,2,3,1,2,3,4,4,3,4,4,3,3,2,2,1,1,1,1,1,2,1
o144u,61,male,colleague,25,5,4,7,1,2,2,2,1,2,1,2,3,3,3,2,2,2,2,3,2,2,1,2,2,2,2,3,3,3,3,3,4,3,2,3,4,4,4,2,3,2,3,2,2,4,3,4,3,3,2,3,4,2,2
o144u,42,female,friend,4,7,7,3,1,2,2,2,2,1,2,2,3,2,3,2,2,3,2,2,2,3,1,2,2,2,2,3,3,3,1,3,4,3,3,2,4,3,3,4,4,4,4,2,3,3,2,3,4,4,4,3,1,3,2
mjxiu,53,male,friend,30,8,9,5,1,1,2,1,2,1,2,2,4,2,3,2,3,2,2,3,2,3,2,3,NA,2,2,3,2,3,2,2,3,4,2,2,2,3,2,3,3,4,4,2,2,2,1,4,4,4,4,2,2,1,3
mjxiu,56,female,spouse,34,8,8,5,1,1,2,1,2,1,2,2,4,3,3,3,1,1,2,2,4,1,2,2,3,1,3,1,1,3,2,4,1,1,3,1,1,3,5,3,5,2,3,5,4,3,3,4,3,5,5,3,3,5,1
mjxiu,35,male,child,35,6,6,5,2,1,2,1,2,1,2,2,3,2,3,2,4,2,2,4,2,2,2,2,2,2,2,3,3,3,2,3,4,3,2,2,5,5,3,1,3,5,5,3,4,5,4,3,4,5,5,3,4,5,3
zwkcy,54,male,friend,6,6,6,4,1,1,1,1,1,1,2,1,2,4,2,4,1,2,1,3,2,1,2,2,1,4,3,3,3,3,2,4,3,3,3,2,2,3,2,2,3,4,4,2,2,3,2,2,4,2,3,2,1,1,2
zwkcy,78,female,friend,50,8,6,8,1,NA,1,1,1,1,1,2,1,1,2,4,3,2,2,3,3,2,2,1,2,1,1,4,4,4,1,1,4,3,2,3,3,4,3,5,4,3,5,5,4,2,1,3,1,1,1,1,1,1,1
zwkcy,77,male,"sister in law, brother in law",51,6,6,7,1,2,1,1,2,1,1,2,2,1,3,1,3,2,3,2,2,2,1,2,2,2,2,3,3,3,1,2,3,3,3,2,2,2,3,4,5,5,5,4,2,2,3,2,1,1,3,1,1,2,4
yhb2q,68,male,friend,40,5,5,3,1,1,2,1,1,1,1,2,3,1,3,1,2,1,1,2,1,2,1,2,2,1,2,2,2,4,1,1,3,4,3,2,3,4,2,4,5,5,5,1,1,1,1,2,1,2,3,2,2,1,1
yhb2q,75,male,friend,30,4,4,1,2,1,2,1,NA,1,1,2,3,4,3,4,1,1,1,2,1,1,1,2,1,3,1,2,2,4,1,1,3,3,2,1,1,1,1,4,3,5,5,4,1,1,1,3,2,1,4,2,2,1,4
yhb2q,49,male,friend,7,8,7,6,2,2,2,1,1,1,1,2,2,1,4,1,1,1,2,2,1,4,2,2,2,1,1,2,2,2,1,2,4,3,2,2,2,3,3,4,5,5,5,2,1,1,1,2,1,2,4,1,1,2,2
8nz8d,69,male,spouse,43,5,5,6,2,1,2,1,1,1,1,1,3,2,3,2,2,1,2,2,2,3,2,2,1,3,3,3,3,2,2,2,3,3,4,3,4,1,3,1,2,4,5,2,3,2,2,2,2,3,3,1,2,2,3
8nz8d,65,female,friend,40,3,7,3,1,2,2,1,2,1,1,1,3,1,3,1,4,3,3,3,2,2,2,2,1,3,4,4,4,2,2,3,3,4,3,4,5,NA,5,2,4,4,5,4,1,2,2,4,2,NA,5,1,1,2,2
8nz8d,37,female,child,37,7,6,6,1,1,1,1,1,1,2,1,3,2,3,2,3,2,2,4,2,2,3,3,1,2,4,2,3,3,3,3,4,4,4,4,4,3,4,4,4,4,5,2,4,5,5,3,2,5,4,3,2,5,5
8dif7,49,female,spouse,30,7,7,1,1,2,2,1,2,1,1,2,4,2,3,2,2,1,2,1,1,1,2,1,3,NA,4,2,2,3,1,2,3,3,4,4,2,2,4,5,4,3,3,3,2,3,3,2,3,5,3,3,4,3,2
8dif7,49,male,sibling,49,6,7,4,1,2,2,1,1,1,1,2,2,2,3,2,1,1,1,2,1,2,3,1,NA,1,3,2,2,4,3,1,3,3,3,3,2,4,2,4,4,3,4,4,1,3,3,2,1,4,3,2,3,3,4
8dif7,82,male,parent,52,6,8,3,1,1,2,1,2,1,1,2,2,2,3,2,1,1,1,2,1,2,2,1,1,1,2,3,NA,3,2,2,3,3,3,4,1,2,2,4,5,5,5,1,2,3,2,3,1,4,3,2,3,2,2
ccwa7,73,female,spouse,53,5,NA,NA,1,1,1,1,1,NA,1,2,2,2,2,NA,2,2,2,2,2,1,1,3,1,4,3,2,2,3,2,2,2,2,2,1,2,1,3,4,4,4,4,3,1,2,2,2,1,1,2,1,1,1,1
ccwa7,45,male,child,45,7,6,8,2,2,1,1,2,1,1,2,3,2,2,2,1,2,3,2,2,1,1,3,1,4,3,3,3,3,2,1,3,2,2,2,2,2,3,4,4,3,4,4,3,2,2,3,3,3,3,2,2,1,1
3lwnu,70,female,sibling,70,3,2,5,1,1,1,1,1,1,2,1,1,1,2,1,2,1,2,2,1,2,1,2,1,1,2,3,3,1,1,3,2,3,2,3,2,3,2,4,4,3,4,4,4,3,2,1,1,1,1,2,2,2,1
zj4pg,55,male,partner,18,4,4,5,1,1,1,1,1,1,1,2,1,1,1,1,2,1,2,2,1,1,1,2,2,2,3,2,2,2,2,2,3,4,4,3,2,1,2,4,3,3,3,2,3,2,2,2,2,1,1,1,2,1,1
zj4pg,24,female,child,24,3,3,1,1,2,2,2,1,1,1,2,2,1,1,1,1,2,2,1,1,2,1,2,2,2,3,2,2,4,1,1,4,4,4,3,2,1,2,3,4,5,5,2,2,3,2,3,1,3,2,1,2,1,1
cs9ej,62,male,spouse,38,7,8,7,2,1,1,2,1,1,1,2,1,2,2,1,3,3,2,3,2,2,2,3,1,2,1,3,2,3,2,1,1,2,4,3,2,4,1,5,5,4,5,1,1,2,1,4,3,1,4,1,2,3,2
7k63d,60,female,friend,25,6,6,6,1,2,1,2,1,1,1,2,3,2,3,3,1,2,2,2,2,2,1,2,1,2,1,3,3,4,1,3,3,2,2,2,2,1,4,2,3,3,4,4,2,2,2,2,2,2,3,1,1,1,1
7k63d,69,male,NA,50,5,5,7,1,2,1,2,1,1,1,1,1,2,3,2,3,3,3,3,3,3,2,3,1,2,3,4,4,2,2,2,3,4,2,3,3,4,3,3,3,3,3,2,3,3,2,4,2,2,2,3,2,3,3
7k63d,35,female,child,35.5,7,4,7,1,1,1,2,1,1,1,1,1,3,3,3,3,3,3,3,2,2,1,3,1,2,1,3,3,2,2,2,4,4,3,3,4,4,4,2,2,3,5,2,3,4,3,5,4,2,3,3,2,3,2
mjf5t,79,female,parent,47,3,3,2,1,2,1,1,1,1,1,2,3,1,1,1,3,1,1,2,1,2,1,1,1,1,3,1,2,4,2,1,3,4,4,3,4,3,2,3,5,4,4,1,2,4,3,1,2,2,1,1,1,1,1
mjf5t,45,female,friend,30,2,5,4,1,1,1,2,1,1,1,2,3,1,3,1,1,1,1,2,1,2,1,1,2,1,2,2,2,3,2,1,3,3,3,4,4,3,2,3,4,4,4,1,2,3,2,1,1,2,2,2,2,1,1
mjf5t,49,female,sibling,47,5,2,3,1,1,1,1,1,1,1,2,4,2,2,1,3,2,1,2,1,1,2,2,1,2,3,2,2,4,3,1,3,2,4,4,1,1,1,4,5,3,4,1,1,4,4,1,1,1,1,1,1,1,1
rpgbj,70,female,spouse,32,4,7,3,2,2,2,1,1,1,1,2,2,2,2,1,1,1,1,1,1,1,2,3,1,2,1,2,1,4,1,2,2,3,3,3,5,2,2,5,5,3,4,2,3,3,3,1,2,2,2,1,1,1,1
l7989,74.5,female,spouse,48,6,7,8,1,NA,2,2,1,1,2,2,2,2,3,2,1,3,2,3,2,2,1,3,1,3,2,3,2,2,1,2,3,3,3,3,4,2,4,4,5,4,4,1,1,2,2,2,3,2,2,1,1,2,1
l7989,76,male,NA,45,7,8,5,NA,NA,2,1,1,1,2,2,3,2,3,1,2,1,1,2,3,3,2,2,1,1,1,2,1,2,1,1,4,2,4,3,3,2,1,5,4,4,5,1,1,1,1,2,1,1,2,1,1,3,1
l7989,53,female,acquaintance,15,7,7,5,2,2,2,2,1,2,2,2,2,2,3,2,2,2,2,4,2,2,2,3,1,1,1,4,3,3,2,2,4,4,3,3,4,5,2,5,5,4,4,3,2,1,1,4,3,4,5,1,1,2,1
wjowk,72,female,friend,26,1,1,3,2,2,1,1,1,1,1,2,1,1,3,1,3,2,2,2,4,2,4,3,2,2,3,1,2,2,2,3,2,3,3,3,1,1,5,5,5,3,3,3,2,2,2,1,1,2,1,2,2,1,2
wjowk,53,female,child,53,3,5,4,1,2,1,2,1,2,1,1,1,2,3,2,2,2,2,3,1,1,3,3,1,2,4,2,2,4,2,2,3,4,3,3,3,4,1,3,4,4,4,2,2,4,3,5,3,3,4,3,2,3,2
nq39j,75,female,friend,20,7,6,8,1,1,1,1,1,2,2,1,1,1,3,2,2,2,2,3,2,3,3,2,1,3,3,3,3,3,3,2,3,2,4,3,3,1,2,4,4,4,4,1,2,2,2,1,1,3,3,2,1,2,1
nq39j,75,male,partner,8,7,7,6,1,2,2,2,1,1,1,1,3,1,4,1,2,1,2,2,2,1,1,2,1,1,2,3,3,4,1,1,4,3,3,3,1,2,2,4,5,4,5,1,2,2,1,3,2,1,4,1,2,1,1
4fsra,75,male,spouse,60,6,7,5,1,1,1,2,2,1,1,1,3,1,3,1,2,2,2,2,3,2,1,3,1,4,2,3,4,3,2,2,3,3,2,2,3,2,2,4,4,4,5,2,4,2,2,1,2,1,2,2,2,1,3
4fsra,67,female,"sister in law, brother in law",47,4,4,3,1,1,1,1,1,1,1,1,2,1,2,1,3,3,2,2,2,2,2,2,2,2,2,2,1,3,2,2,3,3,3,3,1,3,1,5,4,3,4,3,3,2,2,2,1,2,4,3,3,3,3
4fsra,45,male,child,45,4,5,7,1,1,1,1,1,1,1,1,1,1,2,1,3,3,3,2,2,2,2,1,1,1,3,1,2,3,1,2,2,2,3,3,2,2,2,5,5,4,3,1,1,2,2,1,1,1,1,3,2,2,1
rpjw2,73,male,spouse,43,8,7,6,2,2,1,1,1,1,1,1,1,1,3,1,1,1,2,2,1,2,NA,1,1,2,2,3,3,4,1,2,3,3,3,3,1,1,2,4,4,3,4,2,3,1,1,4,2,2,2,1,1,2,1
rpjw2,74,female,acquaintance,40,7,7,6,2,1,1,1,2,1,1,2,3,2,3,2,2,2,2,2,2,2,2,3,1,3,3,2,2,2,2,2,3,3,2,2,3,3,3,3,4,3,3,3,4,3,2,2,3,2,3,2,4,2,2
rpjw2,91,female,parent,70,5,6,7,2,2,1,1,1,1,1,1,3,2,3,1,2,1,1,2,1,2,1,3,1,1,2,1,1,1,2,1,2,2,2,2,2,1,2,5,5,4,5,4,2,3,2,2,1,1,4,2,2,2,5
2vszu,72,male,friend,32,2,0,5,1,1,1,1,1,1,1,2,1,2,1,2,1,2,1,1,1,1,1,1,1,1,1,1,1,4,2,3,1,1,3,3,2,2,3,5,4,3,4,1,1,3,3,1,1,1,1,3,1,1,1
2vszu,68,female,friend,42,2,2,3,1,1,1,1,1,1,1,1,2,2,2,1,2,1,2,2,1,1,1,1,2,1,1,1,2,3,1,2,3,4,2,2,4,2,3,4,4,3,3,4,1,3,4,1,1,1,1,3,4,2,3
2vszu,33,female,child,33,3,3,5,1,1,1,1,1,1,2,2,1,3,1,2,1,1,1,1,1,1,1,1,1,1,1,2,2,4,2,2,2,3,2,1,2,2,2,5,5,4,4,2,2,2,3,2,1,1,1,1,2,3,3
i8bx5,56,female,"former sister in law, brother in law",20,8,1,10,2,2,1,2,1,2,2,1,1,1,4,1,3,3,4,4,2,2,1,4,2,3,1,3,3,1,1,2,2,1,3,3,2,4,3,5,5,4,5,2,2,1,1,5,4,1,3,2,1,1,1
i8bx5,53,female,former spouse or partner,22,1,2,1,2,2,2,2,1,2,1,2,2,1,3,1,3,1,1,1,1,2,1,1,2,3,1,2,2,3,2,3,3,3,4,4,2,2,2,2,4,4,4,3,2,2,2,2,2,1,2,1,1,1,2
i8bx5,31,female,spouse,5.6,5,0,10,1,1,2,2,1,2,1,2,1,3,3,3,4,3,3,2,3,1,1,4,1,2,1,3,2,3,3,3,4,3,3,3,4,5,1,1,1,5,5,3,4,3,3,2,4,2,2,1,1,1,1
kwthz,48,female,parent,18,6,5,2,2,2,1,2,2,1,1,2,4,3,3,3,3,1,1,2,2,2,2,2,2,2,1,2,2,3,2,2,4,4,3,3,4,3,3,1,3,3,4,2,4,3,2,3,4,1,2,2,2,2,3
kwthz,44,male,parent,18,7,7,5,1,2,1,1,2,1,2,2,4,2,2,2,2,3,2,2,3,3,2,3,2,3,2,2,2,4,2,2,3,3,2,2,3,2,4,4,3,5,5,4,2,2,2,2,3,1,1,2,2,2,2
kwthz,17,male,sibling,17,7,4,4,1,2,1,2,2,1,1,2,4,2,3,2,2,2,2,2,3,2,4,3,3,4,2,2,2,3,1,2,3,3,3,3,4,3,3,4,4,3,3,3,2,2,2,4,3,2,2,3,4,2,2
qzt5d,71,female,former neighbour,45,7,6,3,2,2,1,1,1,1,1,1,2,2,2,2,2,3,2,2,2,4,3,1,2,2,3,4,4,3,2,3,3,3,2,3,2,1,3,5,3,4,5,3,3,4,3,4,2,2,3,1,2,2,3
qzt5d,49,female,"niece, nephew",45,4,3,6,1,1,1,2,1,1,1,1,1,1,1,1,1,1,1,2,1,2,2,1,1,1,3,2,2,3,2,2,3,3,4,4,3,2,2,2,3,4,5,2,2,2,2,2,1,3,4,1,1,1,1
qzt5d,76,female,acquaintance,6,5,5,5,1,1,1,1,1,1,1,2,1,1,3,1,2,1,2,2,2,1,2,2,1,3,3,3,3,3,1,2,3,3,2,3,3,2,4,3,3,3,4,4,2,2,2,2,2,2,3,1,2,1,2
6ukjc,76,female,acquaintance,6.5,7,6,6,1,1,1,1,1,1,1,2,2,2,2,1,2,3,3,2,2,2,2,3,1,2,3,2,2,3,2,2,3,2,2,2,3,3,4,4,4,4,4,3,2,2,2,3,3,3,3,1,2,2,4
6ukjc,53,female,child,53,8,8,8,2,2,2,1,1,1,2,2,4,1,4,1,1,2,2,2,1,2,2,1,1,1,3,3,3,4,2,2,4,4,2,2,1,1,4,2,4,4,5,3,5,3,1,3,3,5,5,3,3,1,1
6ukjc,55,female,child,55,5,3,5,1,1,1,2,1,1,1,2,1,2,3,2,3,3,3,2,2,2,2,2,2,1,3,2,2,4,1,1,3,3,3,3,3,3,3,4,4,3,4,3,2,2,2,3,2,2,2,2,1,1,1
insir,67,male,parent,35,4,8,1,1,1,2,2,2,1,1,2,3,2,1,3,2,1,3,1,2,3,1,4,1,4,3,2,1,2,3,3,3,1,1,3,1,2,4,5,4,2,4,1,1,4,4,1,1,1,1,2,2,1,1
insir,38,male,sibling,35,6,7,5,2,2,2,1,2,1,1,1,4,2,2,2,1,2,3,1,2,1,2,3,1,2,1,3,2,4,1,1,3,2,1,2,1,1,1,5,5,3,3,1,1,3,2,1,3,1,1,1,2,1,1
insir,68,female,parent,35,7,6,8,2,2,2,2,2,1,1,2,4,2,3,2,1,1,2,2,3,3,2,3,2,4,2,1,2,4,2,4,3,2,2,3,4,4,5,5,4,1,1,4,4,4,5,1,1,1,1,2,1,1,1
emdt4,38,male,sibling,35,6,4,3,1,1,2,1,1,1,1,2,2,2,3,2,1,1,2,2,2,3,2,3,1,2,2,3,2,2,1,2,3,3,4,3,3,2,2,4,4,4,4,2,2,2,2,1,2,2,1,2,2,1,1
kzkzc,62,male,"aunt, uncle",55,7,7,5,2,1,1,2,1,1,2,1,2,3,4,3,NA,4,2,1,3,4,3,2,2,4,2,2,3,2,2,2,3,3,3,3,3,5,5,2,2,1,1,4,4,3,3,1,5,3,4,5,3,5,5
710xt,36,female,child,36,3,6,7,1,1,1,1,1,1,1,2,1,1,2,1,1,1,2,2,1,2,1,1,1,1,2,2,2,4,1,1,3,3,3,3,1,1,1,4,5,5,5,1,3,2,1,1,2,2,1,1,1,1,1
710xt,32,male,child,32,3,5,6,1,1,2,1,1,1,2,1,3,1,3,1,1,1,1,2,1,1,1,2,1,1,2,2,2,3,1,1,3,2,2,1,1,2,1,5,5,5,5,5,2,1,1,2,2,1,2,1,1,2,2
710xt,70,male,sibling,65,8,9,8,2,1,1,1,1,1,1,1,2,1,3,1,2,1,2,1,1,1,1,1,1,1,2,3,3,3,2,2,3,3,3,2,2,2,2,3,3,2,4,2,2,2,2,2,2,2,2,2,2,1,1
t4p2a,40,female,friend,25,5,5,6,1,1,2,1,1,1,2,2,2,1,2,1,1,2,2,1,2,1,2,2,1,3,3,2,2,2,2,2,4,3,2,2,4,1,3,5,5,4,4,3,3,2,3,1,2,4,1,2,2,1,3
t4p2a,41,male,spouse,19,3,5,3,1,1,2,1,2,2,1,1,2,4,3,3,3,2,1,2,2,2,3,2,1,3,4,1,1,3,3,3,3,4,3,4,4,4,5,3,3,3,3,2,1,4,4,1,2,2,2,5,2,2,3
t4p2a,73,female,parent,42,7,7,3,1,2,2,2,1,1,1,2,4,1,3,1,1,2,2,2,3,2,2,3,1,1,3,3,3,3,2,2,4,4,3,3,2,2,3,2,3,3,4,2,4,2,2,1,4,3,5,2,1,1,2
udav0,60,female,colleague,10,5,6,6,1,2,1,1,1,2,1,1,3,1,3,1,3,1,1,4,1,3,1,1,3,1,2,2,2,3,2,2,3,3,3,3,3,3,1,5,5,4,4,5,1,2,2,1,1,3,2,2,1,4,3
udav0,73,male,acquaintance,25,7,8,5,1,1,1,1,1,1,2,2,2,1,3,2,2,2,2,2,1,1,2,2,3,1,2,2,2,3,2,2,4,3,2,2,3,2,3,4,5,3,3,1,3,2,1,3,3,4,2,2,1,2,2
udav0,65,female,colleague,17,8,8,8,2,2,NA,1,1,1,1,2,2,2,3,3,NA,1,2,2,2,3,1,1,2,2,2,2,2,2,2,1,3,3,2,2,3,3,3,5,5,3,3,1,4,3,3,2,2,2,4,2,3,4,4
