"ID_eprime","Eprime.LevelName","GamblesList","BlockID","xs_X","xs_Z","xs_Y","xr_X","xr_Z","xr_Y","px","pz","py","PicRisky","PicSafe","BlockNum","ExpID","Choice","Cycle","Sample","SafeSide","Stimulus1.RT","selectdisplay"
16,"ExperimentSetup_1","193","13","24","0","-24","29","","-29","0.5","0","0.5","out.p113R.png","out.p113S.png","7","193","Risky","1","1","Left","10139","PickRiskyRight"
16,"ExperimentSetup_1","163","13","24","-12","-24","29","-12","-29","0.1","0.8","0.1","out3.p313R.png","out3.p313S.png","6","163","Risky","1","2","Left","7855","PickRiskyRight"
16,"ExperimentSetup_1","13","13","24","0","-24","29","0","-29","0.33","0.33","0.33","out1.p213R.png","out1.p213S.png","1","13","Risky","1","3","Right","11093","PickRiskyLeft"
16,"ExperimentSetup_1","201","21","8","0","-8","11","","-11","0.5","0","0.5","out.p121R.png","out.p121S.png","7","201","Risky","1","4","Left","4322","PickRiskyRight"
16,"ExperimentSetup_1","28","28","26","0","-26","37","0","-37","0.33","0.33","0.33","out1.p228R.png","out1.p228S.png","1","28","Risky","1","5","Right","6718","PickRiskyLeft"
16,"ExperimentSetup_1","19","19","16","0","-16","23","0","-23","0.33","0.33","0.33","out1.p219R.png","out1.p219S.png","1","19","Safe","1","6","Left","12004","PickSafeLeft"
16,"ExperimentSetup_1","16","16","24","0","-24","33","0","-33","0.33","0.33","0.33","out1.p216R.png","out1.p216S.png","1","16","Risky","1","7","Right","5026","PickRiskyLeft"
16,"ExperimentSetup_1","12","12","38","0","-38","43","0","-43","0.33","0.33","0.33","out1.p212R.png","out1.p212S.png","1","12","Risky","1","8","Left","3320","PickRiskyRight"
16,"ExperimentSetup_1","181","1","29","0","-29","32","","-32","0.5","0","0.5","out.p101R.png","out.p101S.png","7","181","Risky","1","9","Right","2995","PickRiskyLeft"
16,"ExperimentSetup_1","111","21","8","5","-8","11","5","-11","0.1","0.8","0.1","out2.p321R.png","out2.p321S.png","4","111","Risky","1","10","Right","4780","PickRiskyLeft"
16,"ExperimentSetup_1","130","10","17","-7","-17","20","-7","-20","0.33","0.33","0.33","out3.p210R.png","out3.p210S.png","5","130","Risky","1","11","Left","2529","PickRiskyRight"
16,"ExperimentSetup_1","166","16","24","-12","-24","33","-12","-33","0.1","0.8","0.1","out3.p316R.png","out3.p316S.png","6","166","Risky","1","12","Right","6003","PickRiskyLeft"
16,"ExperimentSetup_1","30","30","47","0","-47","61","0","-61","0.33","0.33","0.33","out1.p230R.png","out1.p230S.png","1","30","Safe","1","13","Left","6909","PickSafeLeft"
16,"ExperimentSetup_1","116","26","5","2","-5","7","2","-7","0.1","0.8","0.1","out2.p326R.png","out2.p326S.png","4","116","Risky","1","14","Left","4170","PickRiskyRight"
16,"ExperimentSetup_1","164","14","63","-38","-63","76","-38","-76","0.1","0.8","0.1","out3.p314R.png","out3.p314S.png","6","164","Safe","1","15","Left","3255","PickSafeLeft"
16,"ExperimentSetup_1","1","1","29","0","-29","32","0","-32","0.33","0.33","0.33","out1.p201R.png","out1.p201S.png","1","1","Risky","1","16","Right","2400","PickRiskyLeft"
16,"ExperimentSetup_1","156","6","44","-22","-44","53","-22","-53","0.1","0.8","0.1","out3.p306R.png","out3.p306S.png","6","156","Safe","1","17","Right","2497","PickSafeRight"
16,"ExperimentSetup_1","51","21","8","0","-8","11","0","-11","0.1","0.8","0.1","out1.p321R.png","out1.p321S.png","2","51","Risky","1","18","Right","1705","PickRiskyLeft"
16,"ExperimentSetup_1","20","20","53","0","-53","65","0","-65","0.33","0.33","0.33","out1.p220R.png","out1.p220S.png","1","20","Safe","1","19","Right","3625","PickSafeRight"
16,"ExperimentSetup_1","153","3","58","-23","-58","79","-23","-79","0.1","0.8","0.1","out3.p303R.png","out3.p303S.png","6","153","Safe","1","20","Left","2005","PickSafeLeft"
16,"ExperimentSetup_1","93","3","58","35","-58","79","35","-79","0.1","0.8","0.1","out2.p303R.png","out2.p303S.png","4","93","Safe","1","21","Left","3669","PickSafeLeft"
16,"ExperimentSetup_1","83","23","64","26","-64","73","26","-73","0.33","0.33","0.33","out2.p223R.png","out2.p223S.png","3","83","Safe","1","22","Left","3418","PickSafeLeft"
16,"ExperimentSetup_1","60","30","47","0","-47","61","0","-61","0.1","0.8","0.1","out1.p330R.png","out1.p330S.png","2","60","Safe","1","23","Left","2946","PickSafeLeft"
16,"ExperimentSetup_1","52","22","51","0","-51","69","0","-69","0.1","0.8","0.1","out1.p322R.png","out1.p322S.png","2","52","Safe","1","24","Left","1816","PickSafeLeft"
16,"ExperimentSetup_1","90","30","47","28","-47","61","28","-61","0.33","0.33","0.33","out2.p230R.png","out2.p230S.png","3","90","Safe","1","25","Left","5078","PickSafeLeft"
16,"ExperimentSetup_1","40","10","17","0","-17","20","0","-20","0.1","0.8","0.1","out1.p310R.png","out1.p310S.png","2","40","Risky","1","26","Right","2964","PickRiskyLeft"
16,"ExperimentSetup_1","179","29","58","-23","-58","72","-23","-72","0.1","0.8","0.1","out3.p329R.png","out3.p329S.png","6","179","Safe","1","27","Right","1773","PickSafeRight"
16,"ExperimentSetup_1","58","28","26","0","-26","37","0","-37","0.1","0.8","0.1","out1.p328R.png","out1.p328S.png","2","58","Risky","1","28","Right","1964","PickRiskyLeft"
16,"ExperimentSetup_1","35","5","30","0","-30","39","0","-39","0.1","0.8","0.1","out1.p305R.png","out1.p305S.png","2","35","Risky","1","29","Right","1639","PickRiskyLeft"
16,"ExperimentSetup_1","188","8","35","0","-35","47","","-47","0.5","0","0.5","out.p108R.png","out.p108S.png","7","188","Risky","1","30","Left","2006","PickRiskyRight"
16,"ExperimentSetup_1","65","5","30","18","-30","39","18","-39","0.33","0.33","0.33","out2.p205R.png","out2.p205S.png","3","65","Risky","1","31","Right","1715","PickRiskyLeft"
16,"ExperimentSetup_1","147","27","54","-27","-54","71","-27","-71","0.33","0.33","0.33","out3.p227R.png","out3.p227S.png","5","147","Safe","1","32","Left","1372","PickSafeLeft"
16,"ExperimentSetup_1","191","11","36","0","-36","45","","-45","0.5","0","0.5","out.p111R.png","out.p111S.png","7","191","Risky","1","33","Left","1989","PickRiskyRight"
16,"ExperimentSetup_1","112","22","51","20","-51","69","20","-69","0.1","0.8","0.1","out2.p322R.png","out2.p322S.png","4","112","Safe","1","34","Right","2308","PickSafeRight"
16,"ExperimentSetup_1","70","10","17","7","-17","20","7","-20","0.33","0.33","0.33","out2.p210R.png","out2.p210S.png","3","70","Risky","1","35","Left","3152","PickRiskyRight"
16,"ExperimentSetup_1","64","4","26","13","-26","34","13","-34","0.33","0.33","0.33","out2.p204R.png","out2.p204S.png","3","64","Risky","1","36","Right","2005","PickRiskyLeft"
16,"ExperimentSetup_1","141","21","8","-4","-8","11","-4","-11","0.33","0.33","0.33","out3.p221R.png","out3.p221S.png","5","141","Risky","1","37","Left","2300","PickRiskyRight"
16,"ExperimentSetup_1","107","17","15","9","-15","19","9","-19","0.1","0.8","0.1","out2.p317R.png","out2.p317S.png","4","107","Risky","1","38","Left","1683","PickRiskyRight"
16,"ExperimentSetup_1","190","10","17","0","-17","20","","-20","0.5","0","0.5","out.p110R.png","out.p110S.png","7","190","Risky","1","39","Right","2759","PickRiskyLeft"
16,"ExperimentSetup_1","136","16","24","-12","-24","33","-12","-33","0.33","0.33","0.33","out3.p216R.png","out3.p216S.png","5","136","Risky","1","40","Left","2697","PickRiskyRight"
16,"ExperimentSetup_1","4","4","26","0","-26","34","0","-34","0.33","0.33","0.33","out1.p204R.png","out1.p204S.png","1","4","Risky","1","41","Right","1839","PickRiskyLeft"
16,"ExperimentSetup_1","202","22","51","0","-51","69","","-69","0.5","0","0.5","out.p122R.png","out.p122S.png","7","202","Safe","1","42","Left","2224","PickSafeLeft"
16,"ExperimentSetup_1","67","7","39","20","-39","50","20","-50","0.33","0.33","0.33","out2.p207R.png","out2.p207S.png","3","67","Risky","1","43","Right","2379","PickRiskyLeft"
16,"ExperimentSetup_1","139","19","16","-6","-16","23","-6","-23","0.33","0.33","0.33","out3.p219R.png","out3.p219S.png","5","139","Risky","1","44","Left","1477","PickRiskyRight"
16,"ExperimentSetup_1","103","13","24","10","-24","29","10","-29","0.1","0.8","0.1","out2.p313R.png","out2.p313S.png","4","103","Risky","1","45","Right","1505","PickRiskyLeft"
16,"ExperimentSetup_1","89","29","58","23","-58","72","23","-72","0.33","0.33","0.33","out2.p229R.png","out2.p229S.png","3","89","Safe","1","46","Right","2768","PickSafeRight"
16,"ExperimentSetup_1","121","1","29","-12","-29","32","-12","-32","0.33","0.33","0.33","out3.p201R.png","out3.p201S.png","5","121","Risky","1","47","Left","1611","PickRiskyRight"
16,"ExperimentSetup_1","33","3","58","0","-58","79","0","-79","0.1","0.8","0.1","out1.p303R.png","out1.p303S.png","2","33","Safe","1","48","Right","1527","PickSafeRight"
16,"ExperimentSetup_1","104","14","63","25","-63","76","25","-76","0.1","0.8","0.1","out2.p314R.png","out2.p314S.png","4","104","Safe","1","49","Left","1740","PickSafeLeft"
16,"ExperimentSetup_1","182","2","44","0","-44","55","","-55","0.5","0","0.5","out.p102R.png","out.p102S.png","7","182","Safe","1","50","Left","2863","PickSafeLeft"
16,"ExperimentSetup_1","172","22","51","-26","-51","69","-26","-69","0.1","0.8","0.1","out3.p322R.png","out3.p322S.png","6","172","Safe","1","51","Left","1410","PickSafeLeft"
16,"ExperimentSetup_1","46","16","24","0","-24","33","0","-33","0.1","0.8","0.1","out1.p316R.png","out1.p316S.png","2","46","Risky","1","52","Right","1853","PickRiskyLeft"
16,"ExperimentSetup_1","129","9","18","-9","-18","25","-9","-25","0.33","0.33","0.33","out3.p209R.png","out3.p209S.png","5","129","Risky","1","53","Right","3238","PickRiskyLeft"
16,"ExperimentSetup_1","203","23","64","0","-64","73","","-73","0.5","0","0.5","out.p123R.png","out.p123S.png","7","203","Safe","1","54","Left","1759","PickSafeLeft"
16,"ExperimentSetup_1","196","16","24","0","-24","33","","-33","0.5","0","0.5","out.p116R.png","out.p116S.png","7","196","Risky","1","55","Right","1437","PickRiskyLeft"
16,"ExperimentSetup_1","192","12","38","0","-38","43","","-43","0.5","0","0.5","out.p112R.png","out.p112S.png","7","192","Risky","1","56","Left","1685","PickRiskyRight"
16,"ExperimentSetup_1","94","4","26","13","-26","34","13","-34","0.1","0.8","0.1","out2.p304R.png","out2.p304S.png","4","94","Risky","1","57","Right","1750","PickRiskyLeft"
16,"ExperimentSetup_1","7","7","39","0","-39","50","0","-50","0.33","0.33","0.33","out1.p207R.png","out1.p207S.png","1","7","Risky","1","58","Right","3382","PickRiskyLeft"
16,"ExperimentSetup_1","108","18","12","5","-12","14","5","-14","0.1","0.8","0.1","out2.p318R.png","out2.p318S.png","4","108","Risky","1","59","Right","1665","PickRiskyLeft"
16,"ExperimentSetup_1","143","23","64","-38","-64","73","-38","-73","0.33","0.33","0.33","out3.p223R.png","out3.p223S.png","5","143","Safe","1","60","Right","1524","PickSafeRight"
16,"ExperimentSetup_1","138","18","12","-6","-12","14","-6","-14","0.33","0.33","0.33","out3.p218R.png","out3.p218S.png","5","138","Risky","1","61","Right","1440","PickRiskyLeft"
16,"ExperimentSetup_1","175","25","51","-31","-51","60","-31","-60","0.1","0.8","0.1","out3.p325R.png","out3.p325S.png","6","175","Safe","1","62","Left","2146","PickSafeLeft"
16,"ExperimentSetup_1","54","24","29","0","-29","35","0","-35","0.1","0.8","0.1","out1.p324R.png","out1.p324S.png","2","54","Risky","1","63","Right","1444","PickRiskyLeft"
16,"ExperimentSetup_1","10","10","17","0","-17","20","0","-20","0.33","0.33","0.33","out1.p210R.png","out1.p210S.png","1","10","Risky","1","64","Left","1668","PickRiskyRight"
16,"ExperimentSetup_1","88","28","26","16","-26","37","16","-37","0.33","0.33","0.33","out2.p228R.png","out2.p228S.png","3","88","Risky","1","65","Right","3742","PickRiskyLeft"
16,"ExperimentSetup_1","53","23","64","0","-64","73","0","-73","0.1","0.8","0.1","out1.p323R.png","out1.p323S.png","2","53","Safe","1","66","Right","4165","PickSafeRight"
16,"ExperimentSetup_1","119","29","58","23","-58","72","23","-72","0.1","0.8","0.1","out2.p329R.png","out2.p329S.png","4","119","Safe","1","67","Left","7839","PickSafeLeft"
16,"ExperimentSetup_1","50","20","53","0","-53","65","0","-65","0.1","0.8","0.1","out1.p320R.png","out1.p320S.png","2","50","Safe","1","68","Right","2416","PickSafeRight"
16,"ExperimentSetup_1","118","28","26","16","-26","37","16","-37","0.1","0.8","0.1","out2.p328R.png","out2.p328S.png","4","118","Risky","1","69","Right","3413","PickRiskyLeft"
16,"ExperimentSetup_1","59","29","58","0","-58","72","0","-72","0.1","0.8","0.1","out1.p329R.png","out1.p329S.png","2","59","Safe","1","70","Right","2915","PickSafeRight"
16,"ExperimentSetup_1","29","29","58","0","-58","72","0","-72","0.33","0.33","0.33","out1.p229R.png","out1.p229S.png","1","29","Safe","1","71","Left","3257","PickSafeLeft"
16,"ExperimentSetup_1","6","6","44","0","-44","53","0","-53","0.33","0.33","0.33","out1.p206R.png","out1.p206S.png","1","6","Safe","1","72","Right","1829","PickSafeRight"
16,"ExperimentSetup_1","145","25","51","-31","-51","60","-31","-60","0.33","0.33","0.33","out3.p225R.png","out3.p225S.png","5","145","Safe","1","73","Left","1996","PickSafeLeft"
16,"ExperimentSetup_1","25","25","51","0","-51","60","0","-60","0.33","0.33","0.33","out1.p225R.png","out1.p225S.png","1","25","Safe","1","74","Left","1659","PickSafeLeft"
16,"ExperimentSetup_1","125","5","30","-15","-30","39","-15","-39","0.33","0.33","0.33","out3.p205R.png","out3.p205S.png","5","125","Risky","1","75","Right","2211","PickRiskyLeft"
16,"ExperimentSetup_1","37","7","39","0","-39","50","0","-50","0.1","0.8","0.1","out1.p307R.png","out1.p307S.png","2","37","Risky","1","76","Right","2806","PickRiskyLeft"
16,"ExperimentSetup_1","120","30","47","28","-47","61","28","-61","0.1","0.8","0.1","out2.p330R.png","out2.p330S.png","4","120","Safe","1","77","Left","1801","PickSafeLeft"
16,"ExperimentSetup_1","47","17","15","0","-15","19","0","-19","0.1","0.8","0.1","out1.p317R.png","out1.p317S.png","2","47","Risky","1","78","Left","1405","PickRiskyRight"
16,"ExperimentSetup_1","128","8","35","-21","-35","47","-21","-47","0.33","0.33","0.33","out3.p208R.png","out3.p208S.png","5","128","Risky","1","79","Right","2999","PickRiskyLeft"
16,"ExperimentSetup_1","71","11","36","14","-36","45","14","-45","0.33","0.33","0.33","out2.p211R.png","out2.p211S.png","3","71","Risky","1","80","Left","2084","PickRiskyRight"
16,"ExperimentSetup_1","195","15","26","0","-26","30","","-30","0.5","0","0.5","out.p115R.png","out.p115S.png","7","195","Risky","1","81","Left","1896","PickRiskyRight"
16,"ExperimentSetup_1","55","25","51","0","-51","60","0","-60","0.1","0.8","0.1","out1.p325R.png","out1.p325S.png","2","55","Safe","1","82","Left","1744","PickSafeLeft"
16,"ExperimentSetup_1","171","21","8","-4","-8","11","-4","-11","0.1","0.8","0.1","out3.p321R.png","out3.p321S.png","6","171","Risky","1","83","Right","3218","PickRiskyLeft"
16,"ExperimentSetup_1","14","14","63","0","-63","76","0","-76","0.33","0.33","0.33","out1.p214R.png","out1.p214S.png","1","14","Safe","1","84","Right","1746","PickSafeRight"
16,"ExperimentSetup_1","114","24","29","12","-29","35","12","-35","0.1","0.8","0.1","out2.p324R.png","out2.p324S.png","4","114","Risky","1","85","Left","2479","PickRiskyRight"
16,"ExperimentSetup_1","27","27","54","0","-54","71","0","-71","0.33","0.33","0.33","out1.p227R.png","out1.p227S.png","1","27","Safe","1","86","Right","1729","PickSafeRight"
16,"ExperimentSetup_1","43","13","24","0","-24","29","0","-29","0.1","0.8","0.1","out1.p313R.png","out1.p313S.png","2","43","Risky","1","87","Left","1822","PickRiskyRight"
16,"ExperimentSetup_1","131","11","36","-22","-36","45","-22","-45","0.33","0.33","0.33","out3.p211R.png","out3.p211S.png","5","131","Risky","1","88","Right","2411","PickRiskyLeft"
16,"ExperimentSetup_1","137","17","15","-8","-15","19","-8","-19","0.33","0.33","0.33","out3.p217R.png","out3.p217S.png","5","137","Risky","1","89","Left","2430","PickRiskyRight"
16,"ExperimentSetup_1","73","13","24","10","-24","29","10","-29","0.33","0.33","0.33","out2.p213R.png","out2.p213S.png","3","73","Risky","1","90","Right","2670","PickRiskyLeft"
16,"ExperimentSetup_1","79","19","16","10","-16","23","10","-23","0.33","0.33","0.33","out2.p219R.png","out2.p219S.png","3","79","Risky","1","91","Right","1955","PickRiskyLeft"
16,"ExperimentSetup_1","123","3","58","-23","-58","79","-23","-79","0.33","0.33","0.33","out3.p203R.png","out3.p203S.png","5","123","Safe","1","92","Right","1612","PickSafeRight"
16,"ExperimentSetup_1","134","14","63","-38","-63","76","-38","-76","0.33","0.33","0.33","out3.p214R.png","out3.p214S.png","5","134","Safe","1","93","Left","2889","PickSafeLeft"
16,"ExperimentSetup_1","15","15","26","0","-26","30","0","-30","0.33","0.33","0.33","out1.p215R.png","out1.p215S.png","1","15","Risky","1","94","Right","1759","PickRiskyLeft"
16,"ExperimentSetup_1","209","29","58","0","-58","72","","-72","0.5","0","0.5","out.p129R.png","out.p129S.png","7","209","Safe","1","95","Left","1739","PickSafeLeft"
16,"ExperimentSetup_1","148","28","26","-10","-26","37","-10","-37","0.33","0.33","0.33","out3.p228R.png","out3.p228S.png","5","148","Risky","1","96","Right","1589","PickRiskyLeft"
16,"ExperimentSetup_1","26","26","5","0","-5","7","0","-7","0.33","0.33","0.33","out1.p226R.png","out1.p226S.png","1","26","Risky","1","97","Right","2222","PickRiskyLeft"
16,"ExperimentSetup_1","142","22","51","-26","-51","69","-26","-69","0.33","0.33","0.33","out3.p222R.png","out3.p222S.png","5","142","Safe","1","98","Right","2880","PickSafeRight"
16,"ExperimentSetup_1","44","14","63","0","-63","76","0","-76","0.1","0.8","0.1","out1.p314R.png","out1.p314S.png","2","44","Safe","1","99","Left","1529","PickSafeLeft"
16,"ExperimentSetup_1","162","12","38","-23","-38","43","-23","-43","0.1","0.8","0.1","out3.p312R.png","out3.p312S.png","6","162","Risky","1","100","Right","1859","PickRiskyLeft"
16,"ExperimentSetup_1","97","7","39","20","-39","50","20","-50","0.1","0.8","0.1","out2.p307R.png","out2.p307S.png","4","97","Risky","1","101","Right","2388","PickRiskyLeft"
16,"ExperimentSetup_1","199","19","16","0","-16","23","","-23","0.5","0","0.5","out.p119R.png","out.p119S.png","7","199","Risky","1","102","Left","1341","PickRiskyRight"
16,"ExperimentSetup_1","140","20","53","-26","-53","65","-26","-65","0.33","0.33","0.33","out3.p220R.png","out3.p220S.png","5","140","Safe","1","103","Left","1738","PickSafeLeft"
16,"ExperimentSetup_1","57","27","54","0","-54","71","0","-71","0.1","0.8","0.1","out1.p327R.png","out1.p327S.png","2","57","Safe","1","104","Right","1365","PickSafeRight"
16,"ExperimentSetup_1","68","8","35","18","-35","47","18","-47","0.33","0.33","0.33","out2.p208R.png","out2.p208S.png","3","68","Risky","1","105","Right","3027","PickRiskyLeft"
16,"ExperimentSetup_2",NA,NA,NA,NA,NA,NA,NA,NA,NA,NA,NA,NA,NA,NA,NA,NA,"1","106",NA,NA,NA
16,"ExperimentSetup_3","81","21","8","5","-8","11","5","-11","0.33","0.33","0.33","out2.p221R.png","out2.p221S.png","3","81","Risky","1","107","Left","5107","PickRiskyRight"
16,"ExperimentSetup_3","169","19","16","-6","-16","23","-6","-23","0.1","0.8","0.1","out3.p319R.png","out3.p319S.png","6","169","Risky","1","108","Right","6578","PickRiskyLeft"
16,"ExperimentSetup_3","101","11","36","14","-36","45","14","-45","0.1","0.8","0.1","out2.p311R.png","out2.p311S.png","4","101","Risky","1","109","Left","3401","PickRiskyRight"
16,"ExperimentSetup_3","149","29","58","-23","-58","72","-23","-72","0.33","0.33","0.33","out3.p229R.png","out3.p229S.png","5","149","Safe","1","110","Right","1886","PickSafeRight"
16,"ExperimentSetup_3","115","25","51","20","-51","60","20","-60","0.1","0.8","0.1","out2.p325R.png","out2.p325S.png","4","115","Safe","1","111","Left","2233","PickSafeLeft"
16,"ExperimentSetup_3","99","9","18","7","-18","25","7","-25","0.1","0.8","0.1","out2.p309R.png","out2.p309S.png","4","99","Risky","1","112","Left","1827","PickRiskyRight"
16,"ExperimentSetup_3","31","1","29","0","-29","32","0","-32","0.1","0.8","0.1","out1.p301R.png","out1.p301S.png","2","31","Risky","1","113","Right","2471","PickRiskyLeft"
16,"ExperimentSetup_3","184","4","26","0","-26","34","","-34","0.5","0","0.5","out.p104R.png","out.p104S.png","7","184","Risky","1","114","Right","2197","PickRiskyLeft"
16,"ExperimentSetup_3","146","26","5","-2","-5","7","-2","-7","0.33","0.33","0.33","out3.p226R.png","out3.p226S.png","5","146","Risky","1","115","Right","3349","PickRiskyLeft"
16,"ExperimentSetup_3","80","20","53","21","-53","65","21","-65","0.33","0.33","0.33","out2.p220R.png","out2.p220S.png","3","80","Safe","1","116","Right","1734","PickSafeRight"
16,"ExperimentSetup_3","3","3","58","0","-58","79","0","-79","0.33","0.33","0.33","out1.p203R.png","out1.p203S.png","1","3","Safe","1","117","Left","1422","PickSafeLeft"
16,"ExperimentSetup_3","200","20","53","0","-53","65","","-65","0.5","0","0.5","out.p120R.png","out.p120S.png","7","200","Safe","1","118","Left","1781","PickSafeLeft"
16,"ExperimentSetup_3","95","5","30","18","-30","39","18","-39","0.1","0.8","0.1","out2.p305R.png","out2.p305S.png","4","95","Risky","1","119","Left","2196","PickRiskyRight"
16,"ExperimentSetup_3","144","24","29","-17","-29","35","-17","-35","0.33","0.33","0.33","out3.p224R.png","out3.p224S.png","5","144","Risky","1","120","Right","2063","PickRiskyLeft"
16,"ExperimentSetup_3","96","6","44","22","-44","53","22","-53","0.1","0.8","0.1","out2.p306R.png","out2.p306S.png","4","96","Risky","1","121","Right","2488","PickRiskyLeft"
16,"ExperimentSetup_3","100","10","17","7","-17","20","7","-20","0.1","0.8","0.1","out2.p310R.png","out2.p310S.png","4","100","Risky","1","122","Right","1599","PickRiskyLeft"
16,"ExperimentSetup_3","74","14","63","25","-63","76","25","-76","0.33","0.33","0.33","out2.p214R.png","out2.p214S.png","3","74","Safe","1","123","Right","1917","PickSafeRight"
16,"ExperimentSetup_3","170","20","53","-26","-53","65","-26","-65","0.1","0.8","0.1","out3.p320R.png","out3.p320S.png","6","170","Safe","1","124","Left","1827","PickSafeLeft"
16,"ExperimentSetup_3","124","4","26","-13","-26","34","-13","-34","0.33","0.33","0.33","out3.p204R.png","out3.p204S.png","5","124","Risky","1","125","Left","3131","PickRiskyRight"
16,"ExperimentSetup_3","9","9","18","0","-18","25","0","-25","0.33","0.33","0.33","out1.p209R.png","out1.p209S.png","1","9","Risky","1","126","Left","4472","PickRiskyRight"
16,"ExperimentSetup_3","197","17","15","0","-15","19","","-19","0.5","0","0.5","out.p117R.png","out.p117S.png","7","197","Risky","1","127","Right","1341","PickRiskyLeft"
16,"ExperimentSetup_3","102","12","38","15","-38","43","15","-43","0.1","0.8","0.1","out2.p312R.png","out2.p312S.png","4","102","Risky","1","128","Right","2062","PickRiskyLeft"
16,"ExperimentSetup_3","69","9","18","7","-18","25","7","-25","0.33","0.33","0.33","out2.p209R.png","out2.p209S.png","3","69","Risky","1","129","Left","1822","PickRiskyRight"
16,"ExperimentSetup_3","186","6","44","0","-44","53","","-53","0.5","0","0.5","out.p106R.png","out.p106S.png","7","186","Safe","1","130","Left","3944","PickSafeLeft"
16,"ExperimentSetup_3","194","14","63","0","-63","76","","-76","0.5","0","0.5","out.p114R.png","out.p114S.png","7","194","Safe","1","131","Right","1172","PickSafeRight"
16,"ExperimentSetup_3","133","13","24","-12","-24","29","-12","-29","0.33","0.33","0.33","out3.p213R.png","out3.p213S.png","5","133","Risky","1","132","Right","1693","PickRiskyLeft"
16,"ExperimentSetup_3","36","6","44","0","-44","53","0","-53","0.1","0.8","0.1","out1.p306R.png","out1.p306S.png","2","36","Risky","1","133","Right","1915","PickRiskyLeft"
16,"ExperimentSetup_3","18","18","12","0","-12","14","0","-14","0.33","0.33","0.33","out1.p218R.png","out1.p218S.png","1","18","Risky","1","134","Right","1382","PickRiskyLeft"
16,"ExperimentSetup_3","62","2","44","18","-44","55","18","-55","0.33","0.33","0.33","out2.p202R.png","out2.p202S.png","3","62","Risky","1","135","Right","2566","PickRiskyLeft"
16,"ExperimentSetup_3","158","8","35","-21","-35","47","-21","-47","0.1","0.8","0.1","out3.p308R.png","out3.p308S.png","6","158","Risky","1","136","Left","3081","PickRiskyRight"
16,"ExperimentSetup_3","17","17","15","0","-15","19","0","-19","0.33","0.33","0.33","out1.p217R.png","out1.p217S.png","1","17","Risky","1","137","Left","1225","PickRiskyRight"
16,"ExperimentSetup_3","167","17","15","-8","-15","19","-8","-19","0.1","0.8","0.1","out3.p317R.png","out3.p317S.png","6","167","Risky","1","138","Left","1566","PickRiskyRight"
16,"ExperimentSetup_3","66","6","44","22","-44","53","22","-53","0.33","0.33","0.33","out2.p206R.png","out2.p206S.png","3","66","Safe","1","139","Right","1529","PickSafeRight"
16,"ExperimentSetup_3","39","9","18","0","-18","25","0","-25","0.1","0.8","0.1","out1.p309R.png","out1.p309S.png","2","39","Risky","1","140","Left","1132","PickRiskyRight"
16,"ExperimentSetup_3","151","1","29","-12","-29","32","-12","-32","0.1","0.8","0.1","out3.p301R.png","out3.p301S.png","6","151","Risky","1","141","Right","1798","PickRiskyLeft"
16,"ExperimentSetup_3","160","10","17","-7","-17","20","-7","-20","0.1","0.8","0.1","out3.p310R.png","out3.p310S.png","6","160","Risky","1","142","Left","1328","PickRiskyRight"
16,"ExperimentSetup_3","177","27","54","-27","-54","71","-27","-71","0.1","0.8","0.1","out3.p327R.png","out3.p327S.png","6","177","Safe","1","143","Left","1608","PickSafeLeft"
16,"ExperimentSetup_3","61","1","29","12","-29","32","12","-32","0.33","0.33","0.33","out2.p201R.png","out2.p201S.png","3","61","Risky","1","144","Right","1511","PickRiskyLeft"
16,"ExperimentSetup_3","45","15","26","0","-26","30","0","-30","0.1","0.8","0.1","out1.p315R.png","out1.p315S.png","2","45","Risky","1","145","Left","1558","PickRiskyRight"
16,"ExperimentSetup_3","42","12","38","0","-38","43","0","-43","0.1","0.8","0.1","out1.p312R.png","out1.p312S.png","2","42","Risky","1","146","Right","2359","PickRiskyLeft"
16,"ExperimentSetup_3","32","2","44","0","-44","55","0","-55","0.1","0.8","0.1","out1.p302R.png","out1.p302S.png","2","32","Safe","1","147","Left","1915","PickSafeLeft"
16,"ExperimentSetup_3","198","18","12","0","-12","14","","-14","0.5","0","0.5","out.p118R.png","out.p118S.png","7","198","Risky","1","148","Right","1320","PickRiskyLeft"
16,"ExperimentSetup_3","49","19","16","0","-16","23","0","-23","0.1","0.8","0.1","out1.p319R.png","out1.p319S.png","2","49","Risky","1","149","Left","1449","PickRiskyRight"
16,"ExperimentSetup_3","157","7","39","-20","-39","50","-20","-50","0.1","0.8","0.1","out3.p307R.png","out3.p307S.png","6","157","Risky","1","150","Left","1960","PickRiskyRight"
16,"ExperimentSetup_3","117","27","54","22","-54","71","22","-71","0.1","0.8","0.1","out2.p327R.png","out2.p327S.png","4","117","Safe","1","151","Right","1237","PickSafeRight"
16,"ExperimentSetup_3","2","2","44","0","-44","55","0","-55","0.33","0.33","0.33","out1.p202R.png","out1.p202S.png","1","2","Safe","1","152","Left","1702","PickSafeLeft"
16,"ExperimentSetup_3","178","28","26","-10","-26","37","-10","-37","0.1","0.8","0.1","out3.p328R.png","out3.p328S.png","6","178","Risky","1","153","Right","1442","PickRiskyLeft"
16,"ExperimentSetup_3","86","26","5","2","-5","7","2","-7","0.33","0.33","0.33","out2.p226R.png","out2.p226S.png","3","86","Risky","1","154","Right","4956","PickRiskyLeft"
16,"ExperimentSetup_3","132","12","38","-23","-38","43","-23","-43","0.33","0.33","0.33","out3.p212R.png","out3.p212S.png","5","132","Risky","1","155","Right","2273","PickRiskyLeft"
16,"ExperimentSetup_3","180","30","47","-19","-47","61","-19","-61","0.1","0.8","0.1","out3.p330R.png","out3.p330S.png","6","180","Safe","1","156","Right","1624","PickSafeRight"
16,"ExperimentSetup_3","205","25","51","0","-51","60","","-60","0.5","0","0.5","out.p125R.png","out.p125S.png","7","205","Safe","1","157","Right","1582","PickSafeRight"
16,"ExperimentSetup_3","5","5","30","0","-30","39","0","-39","0.33","0.33","0.33","out1.p205R.png","out1.p205S.png","1","5","Risky","1","158","Left","1543","PickRiskyRight"
16,"ExperimentSetup_3","92","2","44","18","-44","55","18","-55","0.1","0.8","0.1","out2.p302R.png","out2.p302S.png","4","92","Safe","1","159","Right","2677","PickSafeRight"
16,"ExperimentSetup_3","165","15","26","-16","-26","30","-16","-30","0.1","0.8","0.1","out3.p315R.png","out3.p315S.png","6","165","Risky","1","160","Left","1985","PickRiskyRight"
16,"ExperimentSetup_3","75","15","26","13","-26","30","13","-30","0.33","0.33","0.33","out2.p215R.png","out2.p215S.png","3","75","Risky","1","161","Right","1876","PickRiskyLeft"
16,"ExperimentSetup_3","168","18","12","-6","-12","14","-6","-14","0.1","0.8","0.1","out3.p318R.png","out3.p318S.png","6","168","Risky","1","162","Left","1365","PickRiskyRight"
16,"ExperimentSetup_3","48","18","12","0","-12","14","0","-14","0.1","0.8","0.1","out1.p318R.png","out1.p318S.png","2","48","Risky","1","163","Left","1214","PickRiskyRight"
16,"ExperimentSetup_3","154","4","26","-13","-26","34","-13","-34","0.1","0.8","0.1","out3.p304R.png","out3.p304S.png","6","154","Risky","1","164","Right","1401","PickRiskyLeft"
16,"ExperimentSetup_3","85","25","51","20","-51","60","20","-60","0.33","0.33","0.33","out2.p225R.png","out2.p225S.png","3","85","Safe","1","165","Left","1688","PickSafeLeft"
16,"ExperimentSetup_3","207","27","54","0","-54","71","","-71","0.5","0","0.5","out.p127R.png","out.p127S.png","7","207","Safe","1","166","Right","1395","PickSafeRight"
16,"ExperimentSetup_3","106","16","24","14","-24","33","14","-33","0.1","0.8","0.1","out2.p316R.png","out2.p316S.png","4","106","Risky","1","167","Left","1363","PickRiskyRight"
16,"ExperimentSetup_3","91","1","29","12","-29","32","12","-32","0.1","0.8","0.1","out2.p301R.png","out2.p301S.png","4","91","Risky","1","168","Left","1367","PickRiskyRight"
16,"ExperimentSetup_3","77","17","15","9","-15","19","9","-19","0.33","0.33","0.33","out2.p217R.png","out2.p217S.png","3","77","Risky","1","169","Right","1624","PickRiskyLeft"
16,"ExperimentSetup_3","24","24","29","0","-29","35","0","-35","0.33","0.33","0.33","out1.p224R.png","out1.p224S.png","1","24","Risky","1","170","Left","1752","PickRiskyRight"
16,"ExperimentSetup_3","63","3","58","35","-58","79","35","-79","0.33","0.33","0.33","out2.p203R.png","out2.p203S.png","3","63","Safe","1","171","Right","1700","PickSafeRight"
16,"ExperimentSetup_3","173","23","64","-38","-64","73","-38","-73","0.1","0.8","0.1","out3.p323R.png","out3.p323S.png","6","173","Safe","1","172","Right","2894","PickSafeRight"
16,"ExperimentSetup_3","34","4","26","0","-26","34","0","-34","0.1","0.8","0.1","out1.p304R.png","out1.p304S.png","2","34","Risky","1","173","Right","1452","PickRiskyLeft"
16,"ExperimentSetup_3","76","16","24","14","-24","33","14","-33","0.33","0.33","0.33","out2.p216R.png","out2.p216S.png","3","76","Risky","1","174","Right","1361","PickRiskyLeft"
16,"ExperimentSetup_3","135","15","26","-16","-26","30","-16","-30","0.33","0.33","0.33","out3.p215R.png","out3.p215S.png","5","135","Risky","1","175","Right","1409","PickRiskyLeft"
16,"ExperimentSetup_3","152","2","44","-26","-44","55","-26","-55","0.1","0.8","0.1","out3.p302R.png","out3.p302S.png","6","152","Safe","1","176","Right","1690","PickSafeRight"
16,"ExperimentSetup_3","187","7","39","0","-39","50","","-50","0.5","0","0.5","out.p107R.png","out.p107S.png","7","187","Risky","1","177","Left","1914","PickRiskyRight"
16,"ExperimentSetup_3","127","7","39","-20","-39","50","-20","-50","0.33","0.33","0.33","out3.p207R.png","out3.p207S.png","5","127","Risky","1","178","Left","1883","PickRiskyRight"
16,"ExperimentSetup_3","78","18","12","5","-12","14","5","-14","0.33","0.33","0.33","out2.p218R.png","out2.p218S.png","3","78","Risky","1","179","Right","1737","PickRiskyLeft"
16,"ExperimentSetup_3","204","24","29","0","-29","35","","-35","0.5","0","0.5","out.p124R.png","out.p124S.png","7","204","Risky","1","180","Left","1498","PickRiskyRight"
16,"ExperimentSetup_3","176","26","5","-2","-5","7","-2","-7","0.1","0.8","0.1","out3.p326R.png","out3.p326S.png","6","176","Risky","1","181","Left","1649","PickRiskyRight"
16,"ExperimentSetup_3","174","24","29","-17","-29","35","-17","-35","0.1","0.8","0.1","out3.p324R.png","out3.p324S.png","6","174","Risky","1","182","Left","1617","PickRiskyRight"
16,"ExperimentSetup_3","84","24","29","12","-29","35","12","-35","0.33","0.33","0.33","out2.p224R.png","out2.p224S.png","3","84","Risky","1","183","Left","2130","PickRiskyRight"
16,"ExperimentSetup_3","161","11","36","-22","-36","45","-22","-45","0.1","0.8","0.1","out3.p311R.png","out3.p311S.png","6","161","Risky","1","184","Left","2875","PickRiskyRight"
16,"ExperimentSetup_3","189","9","18","0","-18","25","","-25","0.5","0","0.5","out.p109R.png","out.p109S.png","7","189","Risky","1","185","Left","1356","PickRiskyRight"
16,"ExperimentSetup_3","109","19","16","10","-16","23","10","-23","0.1","0.8","0.1","out2.p319R.png","out2.p319S.png","4","109","Risky","1","186","Right","1507","PickRiskyLeft"
16,"ExperimentSetup_3","208","28","26","0","-26","37","","-37","0.5","0","0.5","out.p128R.png","out.p128S.png","7","208","Risky","1","187","Left","1517","PickRiskyRight"
16,"ExperimentSetup_3","87","27","54","22","-54","71","22","-71","0.33","0.33","0.33","out2.p227R.png","out2.p227S.png","3","87","Safe","1","188","Left","1943","PickSafeLeft"
16,"ExperimentSetup_3","150","30","47","-19","-47","61","-19","-61","0.33","0.33","0.33","out3.p230R.png","out3.p230S.png","5","150","Safe","1","189","Right","1409","PickSafeRight"
16,"ExperimentSetup_3","210","30","47","0","-47","61","","-61","0.5","0","0.5","out.p130R.png","out.p130S.png","7","201","Safe","1","190","Left","1240","PickSafeLeft"
16,"ExperimentSetup_3","122","2","44","-26","-44","55","-26","-55","0.33","0.33","0.33","out3.p202R.png","out3.p202S.png","5","122","Safe","1","191","Right","1326","PickSafeRight"
16,"ExperimentSetup_3","22","22","51","0","-51","69","0","-69","0.33","0.33","0.33","out1.p222R.png","out1.p222S.png","1","22","Safe","1","192","Right","1847","PickSafeRight"
16,"ExperimentSetup_3","41","11","36","0","-36","45","0","-45","0.1","0.8","0.1","out1.p311R.png","out1.p311S.png","2","41","Risky","1","193","Left","1409","PickRiskyRight"
16,"ExperimentSetup_3","56","26","5","0","-5","7","0","-7","0.1","0.8","0.1","out1.p326R.png","out1.p326S.png","2","56","Risky","1","194","Left","1576","PickRiskyRight"
16,"ExperimentSetup_3","206","26","5","0","-5","7","","-7","0.5","0","0.5","out.p126R.png","out.p126S.png","7","206","Risky","1","195","Left","1117","PickRiskyRight"
16,"ExperimentSetup_3","21","21","8","0","-8","11","0","-11","0.33","0.33","0.33","out1.p221R.png","out1.p221S.png","1","21","Risky","1","196","Left","2198","PickRiskyRight"
16,"ExperimentSetup_3","110","20","53","21","-53","65","21","-65","0.1","0.8","0.1","out2.p320R.png","out2.p320S.png","4","110","Safe","1","197","Left","1413","PickSafeLeft"
16,"ExperimentSetup_3","183","3","58","0","-58","79","","-79","0.5","0","0.5","out.p103R.png","out.p103S.png","7","183","Safe","1","198","Right","1694","PickSafeRight"
16,"ExperimentSetup_3","155","5","30","-15","-30","39","-15","-39","0.1","0.8","0.1","out3.p305R.png","out3.p305S.png","6","155","Risky","1","199","Right","2233","PickRiskyLeft"
16,"ExperimentSetup_3","11","11","36","0","-36","45","0","-45","0.33","0.33","0.33","out1.p211R.png","out1.p211S.png","1","11","Risky","1","200","Right","1588","PickRiskyLeft"
16,"ExperimentSetup_3","126","6","44","-22","-44","53","-22","-53","0.33","0.33","0.33","out3.p206R.png","out3.p206S.png","5","126","Safe","1","201","Left","1752","PickSafeLeft"
16,"ExperimentSetup_3","105","15","26","13","-26","30","13","-30","0.1","0.8","0.1","out2.p315R.png","out2.p315S.png","4","105","Risky","1","202","Left","1089","PickRiskyRight"
16,"ExperimentSetup_3","23","23","64","0","-64","73","0","-73","0.33","0.33","0.33","out1.p223R.png","out1.p223S.png","1","23","Safe","1","203","Left","1485","PickSafeLeft"
16,"ExperimentSetup_3","185","5","30","0","-30","39","","-39","0.5","0","0.5","out.p105R.png","out.p105S.png","7","185","Risky","1","204","Right","1187","PickRiskyLeft"
16,"ExperimentSetup_3","82","22","51","20","-51","69","20","-69","0.33","0.33","0.33","out2.p222R.png","out2.p222S.png","3","82","Safe","1","205","Left","1352","PickSafeLeft"
16,"ExperimentSetup_3","113","23","64","26","-64","73","26","-73","0.1","0.8","0.1","out2.p323R.png","out2.p323S.png","4","113","Safe","1","206","Right","1060","PickSafeRight"
16,"ExperimentSetup_3","72","12","38","15","-38","43","15","-43","0.33","0.33","0.33","out2.p212R.png","out2.p212S.png","3","72","Risky","1","207","Right","2240","PickRiskyLeft"
16,"ExperimentSetup_3","159","9","18","-9","-18","25","-9","-25","0.1","0.8","0.1","out3.p309R.png","out3.p309S.png","6","159","Risky","1","208","Left","1190","PickRiskyRight"
16,"ExperimentSetup_3","98","8","35","18","-35","47","18","-47","0.1","0.8","0.1","out2.p308R.png","out2.p308S.png","4","98","Risky","1","209","Right","1662","PickRiskyLeft"
16,"ExperimentSetup_3","8","8","35","0","-35","47","0","-47","0.33","0.33","0.33","out1.p208R.png","out1.p208S.png","1","8","Risky","1","210","Right","1335","PickRiskyLeft"
16,"ExperimentSetup_3","38","8","35","0","-35","47","0","-47","0.1","0.8","0.1","out1.p308R.png","out1.p308S.png","2","38","Risky","1","211","Left","1319","PickRiskyRight"
16,NA,NA,NA,NA,NA,NA,NA,NA,NA,NA,NA,NA,NA,NA,NA,NA,NA,NA,NA,NA,NA,NA
