"ID_eprime","Eprime.LevelName","Sample","Cycle","inputlist","type","Threshold","balloonfile","explosionfile","maxpumps","maxpumps1","maxpumps2","balloonheight","balloonwidth","BalloonDisplay.RESP","pumps","BARTpermaccount","BARTtempaccount"
110,"PumpList_1","1","2","3",NA,NA,NA,NA,NA,NA,NA,"20%","20%","3","1",NA,NA
110,"PumpList_2","2","2","34",NA,NA,NA,NA,NA,NA,NA,"20.8%","20.8%","3","2",NA,NA
110,"PumpList_3","3","2","34",NA,NA,NA,NA,NA,NA,NA,"21.6%","21.6%","3","3",NA,NA
110,"PumpList_4","4","2","34",NA,NA,NA,NA,NA,NA,NA,"22.4%","22.4%","3","4",NA,NA
110,"PumpList_5","5","2","34",NA,NA,NA,NA,NA,NA,NA,"23.2%","23.2%","3","5",NA,NA
110,"PumpList_6","6","2","34",NA,NA,NA,NA,NA,NA,NA,"24%","24%","3","6",NA,NA
110,"PumpList_7","7","2","34",NA,NA,NA,NA,NA,NA,NA,"24.8%","24.8%","3","7",NA,NA
110,"PumpList_8","8","2","34",NA,NA,NA,NA,NA,NA,NA,"25.6%","25.6%","3","8",NA,NA
110,"PumpList_9","9","2","34",NA,NA,NA,NA,NA,NA,NA,"26.4%","26.4%","3","9",NA,NA
110,"PumpList_10","10","2","34",NA,NA,NA,NA,NA,NA,NA,"27.2%","27.2%","3","10",NA,NA
110,"PumpList_11","11","2","34",NA,NA,NA,NA,NA,NA,NA,"28%","28%","3","11",NA,NA
110,"PumpList_12","12","2","34",NA,NA,NA,NA,NA,NA,NA,"28.8%","28.8%","3","12",NA,NA
110,"PumpList_13","13","2","34",NA,NA,NA,NA,NA,NA,NA,"29.6%","29.6%","3","13",NA,NA
110,"PumpList_14","14","2","34",NA,NA,NA,NA,NA,NA,NA,"30.4%","30.4%","3","14",NA,NA
110,"PumpList_15","15","2","34",NA,NA,NA,NA,NA,NA,NA,"31.2%","31.2%","3","15",NA,NA
110,"PumpList_16","16","2","34",NA,NA,NA,NA,NA,NA,NA,"32%","32%","3","16",NA,NA
110,"PumpList_17","17","2","34",NA,NA,NA,NA,NA,NA,NA,"32.8%","32.8%","3","17",NA,NA
110,"PumpList_18","18","2","34",NA,NA,NA,NA,NA,NA,NA,"33.6%","33.6%","3","18",NA,NA
110,"PumpList_19","19","2","34",NA,NA,NA,NA,NA,NA,NA,"34.4%","34.4%","3","19",NA,NA
110,"PumpList_20","20","2","34",NA,NA,NA,NA,NA,NA,NA,"35.2%","35.2%","3","20",NA,NA
110,"PumpList_21","21","2","34",NA,NA,NA,NA,NA,NA,NA,"36%","36%","3","21",NA,NA
110,"PumpList_22","22","2","34",NA,NA,NA,NA,NA,NA,NA,"36.8%","36.8%","3","22",NA,NA
110,"PumpList_23","23","2","34",NA,NA,NA,NA,NA,NA,NA,"37.6%","37.6%","3","23",NA,NA
110,"PumpList_24","24","2","34",NA,NA,NA,NA,NA,NA,NA,"38.4%","38.4%","3","24",NA,NA
110,"PumpList_25","25","2","34",NA,NA,NA,NA,NA,NA,NA,"39.2%","39.2%","3","25",NA,NA
110,"PumpList_26","26","2","34",NA,NA,NA,NA,NA,NA,NA,"40%","40%","3","26",NA,NA
110,"PumpList_27","27","2","34",NA,NA,NA,NA,NA,NA,NA,"40.8%","40.8%","3","27",NA,NA
110,"PumpList_28","28","2","34",NA,NA,NA,NA,NA,NA,NA,"41.6%","41.6%","3","28",NA,NA
110,"PumpList_29","29","2","34",NA,NA,NA,NA,NA,NA,NA,"42.4%","42.4%","3","29",NA,NA
110,"PumpList_30","30","2","34",NA,NA,NA,NA,NA,NA,NA,"43.2%","43.2%","3","30",NA,NA
110,"PumpList_31","31","2","34",NA,NA,NA,NA,NA,NA,NA,"44%","44%","3","31",NA,NA
110,"PumpList_32","32","2","34",NA,NA,NA,NA,NA,NA,NA,"44.8%","44.8%","3","32",NA,NA
110,"PumpList_33","33","2","34",NA,NA,NA,NA,NA,NA,NA,"45.6%","45.6%","3","33",NA,NA
110,"PumpList_34","34","2","34",NA,NA,NA,NA,NA,NA,NA,"46.4%","46.4%","3","34",NA,NA
110,"PumpList_35","35","2","34",NA,NA,NA,NA,NA,NA,NA,"47.2%","47.2%","3","35",NA,NA
110,"PumpList_36","36","2","34",NA,NA,NA,NA,NA,NA,NA,"48%","48%","3","36",NA,NA
110,"PumpList_37","37","2","34",NA,NA,NA,NA,NA,NA,NA,"48.8%","48.8%","3","37",NA,NA
110,"PumpList_38","38","2","34",NA,NA,NA,NA,NA,NA,NA,"49.6%","49.6%","3","38",NA,NA
110,"PumpList_39","39","2","34",NA,NA,NA,NA,NA,NA,NA,"50.4%","50.4%","3","39",NA,NA
110,"PumpList_40","40","2","34",NA,NA,NA,NA,NA,NA,NA,"51.2%","51.2%","3","40",NA,NA
110,"PumpList_41","41","2","34",NA,NA,NA,NA,NA,NA,NA,"52%","52%","3","41",NA,NA
110,"PumpList_42","42","2","34",NA,NA,NA,NA,NA,NA,NA,"52.8%","52.8%","3","42",NA,NA
110,"PumpList_43","43","2","34",NA,NA,NA,NA,NA,NA,NA,"53.6%","53.6%","3","43",NA,NA
110,"BalloonList_3","1","1",NA,"exp","43","balloon_blue_burst.jpg","balloon_blue_burst.jpg","64",NA,NA,"54.4%","54.4%",NA,NA,"0.00","0"
110,"PumpList_1","1","3","3",NA,NA,NA,NA,NA,NA,NA,"20%","20%","3","1",NA,NA
110,"PumpList_2","2","3","34",NA,NA,NA,NA,NA,NA,NA,"20.8%","20.8%","3","2",NA,NA
110,"PumpList_3","3","3","34",NA,NA,NA,NA,NA,NA,NA,"21.6%","21.6%","3","3",NA,NA
110,"PumpList_4","4","3","34",NA,NA,NA,NA,NA,NA,NA,"22.4%","22.4%","3","4",NA,NA
110,"PumpList_5","5","3","34",NA,NA,NA,NA,NA,NA,NA,"23.2%","23.2%","3","5",NA,NA
110,"PumpList_6","6","3","34",NA,NA,NA,NA,NA,NA,NA,"24%","24%","3","6",NA,NA
110,"PumpList_7","7","3","34",NA,NA,NA,NA,NA,NA,NA,"24.8%","24.8%","3","7",NA,NA
110,"PumpList_8","8","3","34",NA,NA,NA,NA,NA,NA,NA,"25.6%","25.6%","3","8",NA,NA
110,"PumpList_9","9","3","34",NA,NA,NA,NA,NA,NA,NA,"26.4%","26.4%","3","9",NA,NA
110,"PumpList_10","10","3","34",NA,NA,NA,NA,NA,NA,NA,"27.2%","27.2%","3","10",NA,NA
110,"PumpList_11","11","3","34",NA,NA,NA,NA,NA,NA,NA,"28%","28%","3","11",NA,NA
110,"PumpList_12","12","3","34",NA,NA,NA,NA,NA,NA,NA,"28.8%","28.8%","3","12",NA,NA
110,"PumpList_13","13","3","34",NA,NA,NA,NA,NA,NA,NA,"29.6%","29.6%","3","13",NA,NA
110,"PumpList_14","14","3","34",NA,NA,NA,NA,NA,NA,NA,"30.4%","30.4%","3","14",NA,NA
110,"PumpList_15","15","3","34",NA,NA,NA,NA,NA,NA,NA,"31.2%","31.2%","3","15",NA,NA
110,"PumpList_16","16","3","34",NA,NA,NA,NA,NA,NA,NA,"32%","32%","3","16",NA,NA
110,"PumpList_17","17","3","34",NA,NA,NA,NA,NA,NA,NA,"32.8%","32.8%","3","17",NA,NA
110,"PumpList_18","18","3","34",NA,NA,NA,NA,NA,NA,NA,"33.6%","33.6%","3","18",NA,NA
110,"PumpList_19","19","3","34",NA,NA,NA,NA,NA,NA,NA,"34.4%","34.4%","3","19",NA,NA
110,"PumpList_20","20","3","34",NA,NA,NA,NA,NA,NA,NA,"35.2%","35.2%","3","20",NA,NA
110,"PumpList_21","21","3","34",NA,NA,NA,NA,NA,NA,NA,"36%","36%","3","21",NA,NA
110,"PumpList_22","22","3","34",NA,NA,NA,NA,NA,NA,NA,"36.8%","36.8%","3","22",NA,NA
110,"PumpList_23","23","3","34",NA,NA,NA,NA,NA,NA,NA,"37.6%","37.6%","3","23",NA,NA
110,"PumpList_24","24","3","34",NA,NA,NA,NA,NA,NA,NA,"38.4%","38.4%","3","24",NA,NA
110,"PumpList_25","25","3","34",NA,NA,NA,NA,NA,NA,NA,"39.2%","39.2%","3","25",NA,NA
110,"PumpList_26","26","3","34",NA,NA,NA,NA,NA,NA,NA,"40%","40%","3","26",NA,NA
110,"PumpList_27","27","3","34",NA,NA,NA,NA,NA,NA,NA,"40.8%","40.8%","3","27",NA,NA
110,"PumpList_28","28","3","34",NA,NA,NA,NA,NA,NA,NA,"41.6%","41.6%","3","28",NA,NA
110,"PumpList_29","29","3","34",NA,NA,NA,NA,NA,NA,NA,"42.4%","42.4%","3","29",NA,NA
110,"PumpList_30","30","3","34",NA,NA,NA,NA,NA,NA,NA,"43.2%","43.2%","3","30",NA,NA
110,"PumpList_31","31","3","34",NA,NA,NA,NA,NA,NA,NA,"44%","44%","4",NA,NA,NA
110,"BalloonList_1","2","1",NA,"exp","91","balloon_red.jpg","balloon_red_burst.jpg","128",NA,NA,"44%","44%",NA,NA,"0.60","0.60"
110,"PumpList_1","1","4","3",NA,NA,NA,NA,NA,NA,NA,"20%","20%","3","1",NA,NA
110,"PumpList_2","2","4","34",NA,NA,NA,NA,NA,NA,NA,"20.8%","20.8%","3","2",NA,NA
110,"PumpList_3","3","4","34",NA,NA,NA,NA,NA,NA,NA,"21.6%","21.6%","3","3",NA,NA
110,"PumpList_4","4","4","34",NA,NA,NA,NA,NA,NA,NA,"22.4%","22.4%","3","4",NA,NA
110,"PumpList_5","5","4","34",NA,NA,NA,NA,NA,NA,NA,"23.2%","23.2%","3","5",NA,NA
110,"PumpList_6","6","4","34",NA,NA,NA,NA,NA,NA,NA,"24%","24%","3","6",NA,NA
110,"PumpList_7","7","4","34",NA,NA,NA,NA,NA,NA,NA,"24.8%","24.8%","3","7",NA,NA
110,"PumpList_8","8","4","34",NA,NA,NA,NA,NA,NA,NA,"25.6%","25.6%","3","8",NA,NA
110,"PumpList_9","9","4","34",NA,NA,NA,NA,NA,NA,NA,"26.4%","26.4%","3","9",NA,NA
110,"PumpList_10","10","4","34",NA,NA,NA,NA,NA,NA,NA,"27.2%","27.2%","3","10",NA,NA
110,"PumpList_11","11","4","34",NA,NA,NA,NA,NA,NA,NA,"28%","28%","3","11",NA,NA
110,"PumpList_12","12","4","34",NA,NA,NA,NA,NA,NA,NA,"28.8%","28.8%","3","12",NA,NA
110,"PumpList_13","13","4","34",NA,NA,NA,NA,NA,NA,NA,"29.6%","29.6%","3","13",NA,NA
110,"PumpList_14","14","4","34",NA,NA,NA,NA,NA,NA,NA,"30.4%","30.4%","3","14",NA,NA
110,"PumpList_15","15","4","34",NA,NA,NA,NA,NA,NA,NA,"31.2%","31.2%","3","15",NA,NA
110,"PumpList_16","16","4","34",NA,NA,NA,NA,NA,NA,NA,"32%","32%","3","16",NA,NA
110,"PumpList_17","17","4","34",NA,NA,NA,NA,NA,NA,NA,"32.8%","32.8%","3","17",NA,NA
110,"PumpList_18","18","4","34",NA,NA,NA,NA,NA,NA,NA,"33.6%","33.6%","3","18",NA,NA
110,"PumpList_19","19","4","34",NA,NA,NA,NA,NA,NA,NA,"34.4%","34.4%","3","19",NA,NA
110,"PumpList_20","20","4","34",NA,NA,NA,NA,NA,NA,NA,"35.2%","35.2%","3","20",NA,NA
110,"PumpList_21","21","4","34",NA,NA,NA,NA,NA,NA,NA,"36%","36%","3","21",NA,NA
110,"PumpList_22","22","4","34",NA,NA,NA,NA,NA,NA,NA,"36.8%","36.8%","3","22",NA,NA
110,"PumpList_23","23","4","34",NA,NA,NA,NA,NA,NA,NA,"37.6%","37.6%","3","23",NA,NA
110,"PumpList_24","24","4","34",NA,NA,NA,NA,NA,NA,NA,"38.4%","38.4%","3","24",NA,NA
110,"PumpList_25","25","4","34",NA,NA,NA,NA,NA,NA,NA,"39.2%","39.2%","4",NA,NA,NA
110,"BalloonList_4","3","1",NA,"exp","33","balloon_blue.jpg","balloon_blue_burst.jpg","64",NA,NA,"39.2%","39.2%",NA,NA,"1.08","0.48"
110,"PumpList_1","1","5","3",NA,NA,NA,NA,NA,NA,NA,"20%","20%","3","1",NA,NA
110,"PumpList_2","2","5","34",NA,NA,NA,NA,NA,NA,NA,"20.8%","20.8%","3","2",NA,NA
110,"PumpList_3","3","5","34",NA,NA,NA,NA,NA,NA,NA,"21.6%","21.6%","3","3",NA,NA
110,"PumpList_4","4","5","34",NA,NA,NA,NA,NA,NA,NA,"22.4%","22.4%","3","4",NA,NA
110,"PumpList_5","5","5","34",NA,NA,NA,NA,NA,NA,NA,"23.2%","23.2%","3","5",NA,NA
110,"PumpList_6","6","5","34",NA,NA,NA,NA,NA,NA,NA,"24%","24%","3","6",NA,NA
110,"BalloonList_2","4","1",NA,"exp","6","balloon_red_burst.jpg","balloon_red_burst.jpg","128",NA,NA,"24.8%","24.8%",NA,NA,"1.08","0"
110,"PumpList_1","1","6","3",NA,NA,NA,NA,NA,NA,NA,"20%","20%","3","1",NA,NA
110,"PumpList_2","2","6","34",NA,NA,NA,NA,NA,NA,NA,"20.8%","20.8%","3","2",NA,NA
110,"PumpList_3","3","6","34",NA,NA,NA,NA,NA,NA,NA,"21.6%","21.6%","3","3",NA,NA
110,"PumpList_4","4","6","34",NA,NA,NA,NA,NA,NA,NA,"22.4%","22.4%","3","4",NA,NA
110,"PumpList_5","5","6","34",NA,NA,NA,NA,NA,NA,NA,"23.2%","23.2%","3","5",NA,NA
110,"PumpList_6","6","6","34",NA,NA,NA,NA,NA,NA,NA,"24%","24%","4",NA,NA,NA
110,"BalloonList_1","5","2",NA,"exp","55","balloon_red.jpg","balloon_red_burst.jpg","128",NA,NA,"24%","24%",NA,NA,"1.18","0.10"
110,"PumpList_1","1","7","3",NA,NA,NA,NA,NA,NA,NA,"20%","20%","3","1",NA,NA
110,"PumpList_2","2","7","34",NA,NA,NA,NA,NA,NA,NA,"20.8%","20.8%","3","2",NA,NA
110,"PumpList_3","3","7","34",NA,NA,NA,NA,NA,NA,NA,"21.6%","21.6%","3","3",NA,NA
110,"PumpList_4","4","7","34",NA,NA,NA,NA,NA,NA,NA,"22.4%","22.4%","3","4",NA,NA
110,"PumpList_5","5","7","34",NA,NA,NA,NA,NA,NA,NA,"23.2%","23.2%","3","5",NA,NA
110,"PumpList_6","6","7","34",NA,NA,NA,NA,NA,NA,NA,"24%","24%","3","6",NA,NA
110,"PumpList_7","7","7","34",NA,NA,NA,NA,NA,NA,NA,"24.8%","24.8%","4",NA,NA,NA
110,"BalloonList_2","6","2",NA,"exp","99","balloon_red.jpg","balloon_red_burst.jpg","128",NA,NA,"24.8%","24.8%",NA,NA,"1.30","0.12"
110,"PumpList_1","1","8","3",NA,NA,NA,NA,NA,NA,NA,"20%","20%","3","1",NA,NA
110,"PumpList_2","2","8","34",NA,NA,NA,NA,NA,NA,NA,"20.8%","20.8%","3","2",NA,NA
110,"PumpList_3","3","8","34",NA,NA,NA,NA,NA,NA,NA,"21.6%","21.6%","3","3",NA,NA
110,"PumpList_4","4","8","34",NA,NA,NA,NA,NA,NA,NA,"22.4%","22.4%","3","4",NA,NA
110,"PumpList_5","5","8","34",NA,NA,NA,NA,NA,NA,NA,"23.2%","23.2%","3","5",NA,NA
110,"PumpList_6","6","8","34",NA,NA,NA,NA,NA,NA,NA,"24%","24%","3","6",NA,NA
110,"PumpList_7","7","8","34",NA,NA,NA,NA,NA,NA,NA,"24.8%","24.8%","3","7",NA,NA
110,"PumpList_8","8","8","34",NA,NA,NA,NA,NA,NA,NA,"25.6%","25.6%","3","8",NA,NA
110,"PumpList_9","9","8","34",NA,NA,NA,NA,NA,NA,NA,"26.4%","26.4%","3","9",NA,NA
110,"PumpList_10","10","8","34",NA,NA,NA,NA,NA,NA,NA,"27.2%","27.2%","3","10",NA,NA
110,"PumpList_11","11","8","34",NA,NA,NA,NA,NA,NA,NA,"28%","28%","4",NA,NA,NA
110,"BalloonList_3","7","2",NA,"exp","50","balloon_blue.jpg","balloon_blue_burst.jpg","64",NA,NA,"28%","28%",NA,NA,"1.50","0.20"
110,"PumpList_1","1","9","3",NA,NA,NA,NA,NA,NA,NA,"20%","20%","3","1",NA,NA
110,"PumpList_2","2","9","34",NA,NA,NA,NA,NA,NA,NA,"20.8%","20.8%","3","2",NA,NA
110,"PumpList_3","3","9","34",NA,NA,NA,NA,NA,NA,NA,"21.6%","21.6%","3","3",NA,NA
110,"PumpList_4","4","9","34",NA,NA,NA,NA,NA,NA,NA,"22.4%","22.4%","3","4",NA,NA
110,"PumpList_5","5","9","34",NA,NA,NA,NA,NA,NA,NA,"23.2%","23.2%","3","5",NA,NA
110,"PumpList_6","6","9","34",NA,NA,NA,NA,NA,NA,NA,"24%","24%","3","6",NA,NA
110,"PumpList_7","7","9","34",NA,NA,NA,NA,NA,NA,NA,"24.8%","24.8%","3","7",NA,NA
110,"PumpList_8","8","9","34",NA,NA,NA,NA,NA,NA,NA,"25.6%","25.6%","3","8",NA,NA
110,"PumpList_9","9","9","34",NA,NA,NA,NA,NA,NA,NA,"26.4%","26.4%","3","9",NA,NA
110,"PumpList_10","10","9","34",NA,NA,NA,NA,NA,NA,NA,"27.2%","27.2%","3","10",NA,NA
110,"PumpList_11","11","9","34",NA,NA,NA,NA,NA,NA,NA,"28%","28%","4",NA,NA,NA
110,"BalloonList_4","8","2",NA,"exp","56","balloon_blue.jpg","balloon_blue_burst.jpg","64",NA,NA,"28%","28%",NA,NA,"1.70","0.20"
110,"PumpList_1","1","10","3",NA,NA,NA,NA,NA,NA,NA,"20%","20%","3","1",NA,NA
110,"PumpList_2","2","10","34",NA,NA,NA,NA,NA,NA,NA,"20.8%","20.8%","3","2",NA,NA
110,"PumpList_3","3","10","34",NA,NA,NA,NA,NA,NA,NA,"21.6%","21.6%","3","3",NA,NA
110,"PumpList_4","4","10","34",NA,NA,NA,NA,NA,NA,NA,"22.4%","22.4%","3","4",NA,NA
110,"PumpList_5","5","10","34",NA,NA,NA,NA,NA,NA,NA,"23.2%","23.2%","3","5",NA,NA
110,"PumpList_6","6","10","34",NA,NA,NA,NA,NA,NA,NA,"24%","24%","3","6",NA,NA
110,"PumpList_7","7","10","34",NA,NA,NA,NA,NA,NA,NA,"24.8%","24.8%","3","7",NA,NA
110,"PumpList_8","8","10","34",NA,NA,NA,NA,NA,NA,NA,"25.6%","25.6%","3","8",NA,NA
110,"PumpList_9","9","10","34",NA,NA,NA,NA,NA,NA,NA,"26.4%","26.4%","4",NA,NA,NA
110,"BalloonList_2","9","3",NA,"exp","124","balloon_red.jpg","balloon_red_burst.jpg","128",NA,NA,"26.4%","26.4%",NA,NA,"1.86","0.16"
110,"PumpList_1","1","11","3",NA,NA,NA,NA,NA,NA,NA,"20%","20%","3","1",NA,NA
110,"PumpList_2","2","11","34",NA,NA,NA,NA,NA,NA,NA,"20.8%","20.8%","3","2",NA,NA
110,"PumpList_3","3","11","34",NA,NA,NA,NA,NA,NA,NA,"21.6%","21.6%","3","3",NA,NA
110,"PumpList_4","4","11","34",NA,NA,NA,NA,NA,NA,NA,"22.4%","22.4%","3","4",NA,NA
110,"PumpList_5","5","11","34",NA,NA,NA,NA,NA,NA,NA,"23.2%","23.2%","3","5",NA,NA
110,"PumpList_6","6","11","34",NA,NA,NA,NA,NA,NA,NA,"24%","24%","3","6",NA,NA
110,"PumpList_7","7","11","34",NA,NA,NA,NA,NA,NA,NA,"24.8%","24.8%","3","7",NA,NA
110,"PumpList_8","8","11","34",NA,NA,NA,NA,NA,NA,NA,"25.6%","25.6%","4",NA,NA,NA
110,"BalloonList_3","10","3",NA,"exp","52","balloon_blue.jpg","balloon_blue_burst.jpg","64",NA,NA,"25.6%","25.6%",NA,NA,"2.00","0.14"
110,"PumpList_1","1","12","3",NA,NA,NA,NA,NA,NA,NA,"20%","20%","3","1",NA,NA
110,"PumpList_2","2","12","34",NA,NA,NA,NA,NA,NA,NA,"20.8%","20.8%","3","2",NA,NA
110,"PumpList_3","3","12","34",NA,NA,NA,NA,NA,NA,NA,"21.6%","21.6%","3","3",NA,NA
110,"PumpList_4","4","12","34",NA,NA,NA,NA,NA,NA,NA,"22.4%","22.4%","3","4",NA,NA
110,"PumpList_5","5","12","34",NA,NA,NA,NA,NA,NA,NA,"23.2%","23.2%","3","5",NA,NA
110,"BalloonList_4","11","3",NA,"exp","5","balloon_blue_burst.jpg","balloon_blue_burst.jpg","64",NA,NA,"24%","24%",NA,NA,"2.00","0"
110,"PumpList_1","1","13","3",NA,NA,NA,NA,NA,NA,NA,"20%","20%","3","1",NA,NA
110,"PumpList_2","2","13","34",NA,NA,NA,NA,NA,NA,NA,"20.8%","20.8%","3","2",NA,NA
110,"PumpList_3","3","13","34",NA,NA,NA,NA,NA,NA,NA,"21.6%","21.6%","3","3",NA,NA
110,"PumpList_4","4","13","34",NA,NA,NA,NA,NA,NA,NA,"22.4%","22.4%","3","4",NA,NA
110,"PumpList_5","5","13","34",NA,NA,NA,NA,NA,NA,NA,"23.2%","23.2%","3","5",NA,NA
110,"PumpList_6","6","13","34",NA,NA,NA,NA,NA,NA,NA,"24%","24%","3","6",NA,NA
110,"PumpList_7","7","13","34",NA,NA,NA,NA,NA,NA,NA,"24.8%","24.8%","3","7",NA,NA
110,"PumpList_8","8","13","34",NA,NA,NA,NA,NA,NA,NA,"25.6%","25.6%","3","8",NA,NA
110,"PumpList_9","9","13","34",NA,NA,NA,NA,NA,NA,NA,"26.4%","26.4%","3","9",NA,NA
110,"PumpList_10","10","13","34",NA,NA,NA,NA,NA,NA,NA,"27.2%","27.2%","3","10",NA,NA
110,"PumpList_11","11","13","34",NA,NA,NA,NA,NA,NA,NA,"28%","28%","4",NA,NA,NA
110,"BalloonList_1","12","3",NA,"exp","87","balloon_red.jpg","balloon_red_burst.jpg","128",NA,NA,"28%","28%",NA,NA,"2.20","0.20"
110,"PumpList_1","1","14","3",NA,NA,NA,NA,NA,NA,NA,"20%","20%","3","1",NA,NA
110,"PumpList_2","2","14","34",NA,NA,NA,NA,NA,NA,NA,"20.8%","20.8%","3","2",NA,NA
110,"PumpList_3","3","14","34",NA,NA,NA,NA,NA,NA,NA,"21.6%","21.6%","3","3",NA,NA
110,"PumpList_4","4","14","34",NA,NA,NA,NA,NA,NA,NA,"22.4%","22.4%","3","4",NA,NA
110,"PumpList_5","5","14","34",NA,NA,NA,NA,NA,NA,NA,"23.2%","23.2%","3","5",NA,NA
110,"PumpList_6","6","14","34",NA,NA,NA,NA,NA,NA,NA,"24%","24%","3","6",NA,NA
110,"PumpList_7","7","14","34",NA,NA,NA,NA,NA,NA,NA,"24.8%","24.8%","3","7",NA,NA
110,"PumpList_8","8","14","34",NA,NA,NA,NA,NA,NA,NA,"25.6%","25.6%","3","8",NA,NA
110,"PumpList_9","9","14","34",NA,NA,NA,NA,NA,NA,NA,"26.4%","26.4%","3","9",NA,NA
110,"PumpList_10","10","14","34",NA,NA,NA,NA,NA,NA,NA,"27.2%","27.2%","3","10",NA,NA
110,"PumpList_11","11","14","34",NA,NA,NA,NA,NA,NA,NA,"28%","28%","4",NA,NA,NA
110,"BalloonList_1","13","4",NA,"exp","76","balloon_red.jpg","balloon_red_burst.jpg","128",NA,NA,"28%","28%",NA,NA,"2.40","0.20"
110,"PumpList_1","1","15","3",NA,NA,NA,NA,NA,NA,NA,"20%","20%","3","1",NA,NA
110,"PumpList_2","2","15","34",NA,NA,NA,NA,NA,NA,NA,"20.8%","20.8%","3","2",NA,NA
110,"PumpList_3","3","15","34",NA,NA,NA,NA,NA,NA,NA,"21.6%","21.6%","3","3",NA,NA
110,"PumpList_4","4","15","34",NA,NA,NA,NA,NA,NA,NA,"22.4%","22.4%","3","4",NA,NA
110,"PumpList_5","5","15","34",NA,NA,NA,NA,NA,NA,NA,"23.2%","23.2%","3","5",NA,NA
110,"PumpList_6","6","15","34",NA,NA,NA,NA,NA,NA,NA,"24%","24%","3","6",NA,NA
110,"PumpList_7","7","15","34",NA,NA,NA,NA,NA,NA,NA,"24.8%","24.8%","3","7",NA,NA
110,"PumpList_8","8","15","34",NA,NA,NA,NA,NA,NA,NA,"25.6%","25.6%","3","8",NA,NA
110,"PumpList_9","9","15","34",NA,NA,NA,NA,NA,NA,NA,"26.4%","26.4%","3","9",NA,NA
110,"PumpList_10","10","15","34",NA,NA,NA,NA,NA,NA,NA,"27.2%","27.2%","3","10",NA,NA
110,"PumpList_11","11","15","34",NA,NA,NA,NA,NA,NA,NA,"28%","28%","3","11",NA,NA
110,"PumpList_12","12","15","34",NA,NA,NA,NA,NA,NA,NA,"28.8%","28.8%","3","12",NA,NA
110,"PumpList_13","13","15","34",NA,NA,NA,NA,NA,NA,NA,"29.6%","29.6%","4",NA,NA,NA
110,"BalloonList_2","14","4",NA,"exp","59","balloon_red.jpg","balloon_red_burst.jpg","128",NA,NA,"29.6%","29.6%",NA,NA,"2.64","0.24"
110,"PumpList_1","1","16","3",NA,NA,NA,NA,NA,NA,NA,"20%","20%","3","1",NA,NA
110,"PumpList_2","2","16","34",NA,NA,NA,NA,NA,NA,NA,"20.8%","20.8%","3","2",NA,NA
110,"PumpList_3","3","16","34",NA,NA,NA,NA,NA,NA,NA,"21.6%","21.6%","3","3",NA,NA
110,"PumpList_4","4","16","34",NA,NA,NA,NA,NA,NA,NA,"22.4%","22.4%","3","4",NA,NA
110,"PumpList_5","5","16","34",NA,NA,NA,NA,NA,NA,NA,"23.2%","23.2%","3","5",NA,NA
110,"PumpList_6","6","16","34",NA,NA,NA,NA,NA,NA,NA,"24%","24%","3","6",NA,NA
110,"PumpList_7","7","16","34",NA,NA,NA,NA,NA,NA,NA,"24.8%","24.8%","3","7",NA,NA
110,"PumpList_8","8","16","34",NA,NA,NA,NA,NA,NA,NA,"25.6%","25.6%","3","8",NA,NA
110,"PumpList_9","9","16","34",NA,NA,NA,NA,NA,NA,NA,"26.4%","26.4%","3","9",NA,NA
110,"PumpList_10","10","16","34",NA,NA,NA,NA,NA,NA,NA,"27.2%","27.2%","3","10",NA,NA
110,"PumpList_11","11","16","34",NA,NA,NA,NA,NA,NA,NA,"28%","28%","4",NA,NA,NA
110,"BalloonList_4","15","4",NA,"exp","19","balloon_blue.jpg","balloon_blue_burst.jpg","64",NA,NA,"28%","28%",NA,NA,"2.84","0.20"
110,"PumpList_1","1","17","3",NA,NA,NA,NA,NA,NA,NA,"20%","20%","3","1",NA,NA
110,"PumpList_2","2","17","34",NA,NA,NA,NA,NA,NA,NA,"20.8%","20.8%","3","2",NA,NA
110,"PumpList_3","3","17","34",NA,NA,NA,NA,NA,NA,NA,"21.6%","21.6%","3","3",NA,NA
110,"PumpList_4","4","17","34",NA,NA,NA,NA,NA,NA,NA,"22.4%","22.4%","3","4",NA,NA
110,"PumpList_5","5","17","34",NA,NA,NA,NA,NA,NA,NA,"23.2%","23.2%","3","5",NA,NA
110,"PumpList_6","6","17","34",NA,NA,NA,NA,NA,NA,NA,"24%","24%","3","6",NA,NA
110,"PumpList_7","7","17","34",NA,NA,NA,NA,NA,NA,NA,"24.8%","24.8%","3","7",NA,NA
110,"PumpList_8","8","17","34",NA,NA,NA,NA,NA,NA,NA,"25.6%","25.6%","3","8",NA,NA
110,"PumpList_9","9","17","34",NA,NA,NA,NA,NA,NA,NA,"26.4%","26.4%","3","9",NA,NA
110,"PumpList_10","10","17","34",NA,NA,NA,NA,NA,NA,NA,"27.2%","27.2%","3","10",NA,NA
110,"PumpList_11","11","17","34",NA,NA,NA,NA,NA,NA,NA,"28%","28%","3","11",NA,NA
110,"PumpList_12","12","17","34",NA,NA,NA,NA,NA,NA,NA,"28.8%","28.8%","3","12",NA,NA
110,"PumpList_13","13","17","34",NA,NA,NA,NA,NA,NA,NA,"29.6%","29.6%","4",NA,NA,NA
110,"BalloonList_3","16","4",NA,"exp","30","balloon_blue.jpg","balloon_blue_burst.jpg","64",NA,NA,"29.6%","29.6%",NA,NA,"3.08","0.24"
110,"PumpList_1","1","18","3",NA,NA,NA,NA,NA,NA,NA,"20%","20%","3","1",NA,NA
110,"PumpList_2","2","18","34",NA,NA,NA,NA,NA,NA,NA,"20.8%","20.8%","3","2",NA,NA
110,"PumpList_3","3","18","34",NA,NA,NA,NA,NA,NA,NA,"21.6%","21.6%","3","3",NA,NA
110,"PumpList_4","4","18","34",NA,NA,NA,NA,NA,NA,NA,"22.4%","22.4%","3","4",NA,NA
110,"PumpList_5","5","18","34",NA,NA,NA,NA,NA,NA,NA,"23.2%","23.2%","3","5",NA,NA
110,"PumpList_6","6","18","34",NA,NA,NA,NA,NA,NA,NA,"24%","24%","3","6",NA,NA
110,"PumpList_7","7","18","34",NA,NA,NA,NA,NA,NA,NA,"24.8%","24.8%","3","7",NA,NA
110,"PumpList_8","8","18","34",NA,NA,NA,NA,NA,NA,NA,"25.6%","25.6%","3","8",NA,NA
110,"PumpList_9","9","18","34",NA,NA,NA,NA,NA,NA,NA,"26.4%","26.4%","3","9",NA,NA
110,"PumpList_10","10","18","34",NA,NA,NA,NA,NA,NA,NA,"27.2%","27.2%","3","10",NA,NA
110,"PumpList_11","11","18","34",NA,NA,NA,NA,NA,NA,NA,"28%","28%","3","11",NA,NA
110,"PumpList_12","12","18","34",NA,NA,NA,NA,NA,NA,NA,"28.8%","28.8%","3","12",NA,NA
110,"PumpList_13","13","18","34",NA,NA,NA,NA,NA,NA,NA,"29.6%","29.6%","3","13",NA,NA
110,"PumpList_14","14","18","34",NA,NA,NA,NA,NA,NA,NA,"30.4%","30.4%","3","14",NA,NA
110,"PumpList_15","15","18","34",NA,NA,NA,NA,NA,NA,NA,"31.2%","31.2%","3","15",NA,NA
110,"PumpList_16","16","18","34",NA,NA,NA,NA,NA,NA,NA,"32%","32%","3","16",NA,NA
110,"PumpList_17","17","18","34",NA,NA,NA,NA,NA,NA,NA,"32.8%","32.8%","3","17",NA,NA
110,"PumpList_18","18","18","34",NA,NA,NA,NA,NA,NA,NA,"33.6%","33.6%","4",NA,NA,NA
110,"BalloonList_2","17","5",NA,"exp","114","balloon_red.jpg","balloon_red_burst.jpg","128",NA,NA,"33.6%","33.6%",NA,NA,"3.42","0.34"
110,"PumpList_1","1","19","3",NA,NA,NA,NA,NA,NA,NA,"20%","20%","3","1",NA,NA
110,"PumpList_2","2","19","34",NA,NA,NA,NA,NA,NA,NA,"20.8%","20.8%","3","2",NA,NA
110,"PumpList_3","3","19","34",NA,NA,NA,NA,NA,NA,NA,"21.6%","21.6%","3","3",NA,NA
110,"PumpList_4","4","19","34",NA,NA,NA,NA,NA,NA,NA,"22.4%","22.4%","3","4",NA,NA
110,"PumpList_5","5","19","34",NA,NA,NA,NA,NA,NA,NA,"23.2%","23.2%","3","5",NA,NA
110,"BalloonList_3","18","5",NA,"exp","5","balloon_blue_burst.jpg","balloon_blue_burst.jpg","64",NA,NA,"24%","24%",NA,NA,"3.42","0"
110,"PumpList_1","1","20","3",NA,NA,NA,NA,NA,NA,NA,"20%","20%","3","1",NA,NA
110,"PumpList_2","2","20","34",NA,NA,NA,NA,NA,NA,NA,"20.8%","20.8%","3","2",NA,NA
110,"PumpList_3","3","20","34",NA,NA,NA,NA,NA,NA,NA,"21.6%","21.6%","3","3",NA,NA
110,"PumpList_4","4","20","34",NA,NA,NA,NA,NA,NA,NA,"22.4%","22.4%","3","4",NA,NA
110,"PumpList_5","5","20","34",NA,NA,NA,NA,NA,NA,NA,"23.2%","23.2%","3","5",NA,NA
110,"PumpList_6","6","20","34",NA,NA,NA,NA,NA,NA,NA,"24%","24%","3","6",NA,NA
110,"PumpList_7","7","20","34",NA,NA,NA,NA,NA,NA,NA,"24.8%","24.8%","3","7",NA,NA
110,"PumpList_8","8","20","34",NA,NA,NA,NA,NA,NA,NA,"25.6%","25.6%","3","8",NA,NA
110,"PumpList_9","9","20","34",NA,NA,NA,NA,NA,NA,NA,"26.4%","26.4%","3","9",NA,NA
110,"PumpList_10","10","20","34",NA,NA,NA,NA,NA,NA,NA,"27.2%","27.2%","3","10",NA,NA
110,"PumpList_11","11","20","34",NA,NA,NA,NA,NA,NA,NA,"28%","28%","3","11",NA,NA
110,"PumpList_12","12","20","34",NA,NA,NA,NA,NA,NA,NA,"28.8%","28.8%","3","12",NA,NA
110,"PumpList_13","13","20","34",NA,NA,NA,NA,NA,NA,NA,"29.6%","29.6%","4",NA,NA,NA
110,"BalloonList_4","19","5",NA,"exp","56","balloon_blue.jpg","balloon_blue_burst.jpg","64",NA,NA,"29.6%","29.6%",NA,NA,"3.66","0.24"
110,"PumpList_1","1","21","3",NA,NA,NA,NA,NA,NA,NA,"20%","20%","3","1",NA,NA
110,"PumpList_2","2","21","34",NA,NA,NA,NA,NA,NA,NA,"20.8%","20.8%","3","2",NA,NA
110,"PumpList_3","3","21","34",NA,NA,NA,NA,NA,NA,NA,"21.6%","21.6%","3","3",NA,NA
110,"PumpList_4","4","21","34",NA,NA,NA,NA,NA,NA,NA,"22.4%","22.4%","3","4",NA,NA
110,"PumpList_5","5","21","34",NA,NA,NA,NA,NA,NA,NA,"23.2%","23.2%","3","5",NA,NA
110,"PumpList_6","6","21","34",NA,NA,NA,NA,NA,NA,NA,"24%","24%","3","6",NA,NA
110,"PumpList_7","7","21","34",NA,NA,NA,NA,NA,NA,NA,"24.8%","24.8%","3","7",NA,NA
110,"PumpList_8","8","21","34",NA,NA,NA,NA,NA,NA,NA,"25.6%","25.6%","3","8",NA,NA
110,"PumpList_9","9","21","34",NA,NA,NA,NA,NA,NA,NA,"26.4%","26.4%","3","9",NA,NA
110,"PumpList_10","10","21","34",NA,NA,NA,NA,NA,NA,NA,"27.2%","27.2%","3","10",NA,NA
110,"PumpList_11","11","21","34",NA,NA,NA,NA,NA,NA,NA,"28%","28%","3","11",NA,NA
110,"PumpList_12","12","21","34",NA,NA,NA,NA,NA,NA,NA,"28.8%","28.8%","3","12",NA,NA
110,"PumpList_13","13","21","34",NA,NA,NA,NA,NA,NA,NA,"29.6%","29.6%","3","13",NA,NA
110,"PumpList_14","14","21","34",NA,NA,NA,NA,NA,NA,NA,"30.4%","30.4%","3","14",NA,NA
110,"PumpList_15","15","21","34",NA,NA,NA,NA,NA,NA,NA,"31.2%","31.2%","3","15",NA,NA
110,"PumpList_16","16","21","34",NA,NA,NA,NA,NA,NA,NA,"32%","32%","3","16",NA,NA
110,"PumpList_17","17","21","34",NA,NA,NA,NA,NA,NA,NA,"32.8%","32.8%","3","17",NA,NA
110,"PumpList_18","18","21","34",NA,NA,NA,NA,NA,NA,NA,"33.6%","33.6%","3","18",NA,NA
110,"PumpList_19","19","21","34",NA,NA,NA,NA,NA,NA,NA,"34.4%","34.4%","3","19",NA,NA
110,"PumpList_20","20","21","34",NA,NA,NA,NA,NA,NA,NA,"35.2%","35.2%","3","20",NA,NA
110,"PumpList_21","21","21","34",NA,NA,NA,NA,NA,NA,NA,"36%","36%","4",NA,NA,NA
110,"BalloonList_1","20","5",NA,"exp","23","balloon_red.jpg","balloon_red_burst.jpg","128",NA,NA,"36%","36%",NA,NA,"4.06","0.40"
110,"PumpList_1","1","22","3",NA,NA,NA,NA,NA,NA,NA,"20%","20%","3","1",NA,NA
110,"PumpList_2","2","22","34",NA,NA,NA,NA,NA,NA,NA,"20.8%","20.8%","3","2",NA,NA
110,"PumpList_3","3","22","34",NA,NA,NA,NA,NA,NA,NA,"21.6%","21.6%","3","3",NA,NA
110,"PumpList_4","4","22","34",NA,NA,NA,NA,NA,NA,NA,"22.4%","22.4%","3","4",NA,NA
110,"PumpList_5","5","22","34",NA,NA,NA,NA,NA,NA,NA,"23.2%","23.2%","3","5",NA,NA
110,"PumpList_6","6","22","34",NA,NA,NA,NA,NA,NA,NA,"24%","24%","3","6",NA,NA
110,"PumpList_7","7","22","34",NA,NA,NA,NA,NA,NA,NA,"24.8%","24.8%","3","7",NA,NA
110,"PumpList_8","8","22","34",NA,NA,NA,NA,NA,NA,NA,"25.6%","25.6%","3","8",NA,NA
110,"PumpList_9","9","22","34",NA,NA,NA,NA,NA,NA,NA,"26.4%","26.4%","3","9",NA,NA
110,"PumpList_10","10","22","34",NA,NA,NA,NA,NA,NA,NA,"27.2%","27.2%","3","10",NA,NA
110,"PumpList_11","11","22","34",NA,NA,NA,NA,NA,NA,NA,"28%","28%","3","11",NA,NA
110,"PumpList_12","12","22","34",NA,NA,NA,NA,NA,NA,NA,"28.8%","28.8%","3","12",NA,NA
110,"BalloonList_3","21","6",NA,"exp","12","balloon_blue_burst.jpg","balloon_blue_burst.jpg","64",NA,NA,"29.6%","29.6%",NA,NA,"4.06","0"
110,"PumpList_1","1","23","3",NA,NA,NA,NA,NA,NA,NA,"20%","20%","3","1",NA,NA
110,"PumpList_2","2","23","34",NA,NA,NA,NA,NA,NA,NA,"20.8%","20.8%","3","2",NA,NA
110,"PumpList_3","3","23","34",NA,NA,NA,NA,NA,NA,NA,"21.6%","21.6%","3","3",NA,NA
110,"PumpList_4","4","23","34",NA,NA,NA,NA,NA,NA,NA,"22.4%","22.4%","3","4",NA,NA
110,"PumpList_5","5","23","34",NA,NA,NA,NA,NA,NA,NA,"23.2%","23.2%","3","5",NA,NA
110,"PumpList_6","6","23","34",NA,NA,NA,NA,NA,NA,NA,"24%","24%","3","6",NA,NA
110,"PumpList_7","7","23","34",NA,NA,NA,NA,NA,NA,NA,"24.8%","24.8%","3","7",NA,NA
110,"PumpList_8","8","23","34",NA,NA,NA,NA,NA,NA,NA,"25.6%","25.6%","3","8",NA,NA
110,"PumpList_9","9","23","34",NA,NA,NA,NA,NA,NA,NA,"26.4%","26.4%","3","9",NA,NA
110,"PumpList_10","10","23","34",NA,NA,NA,NA,NA,NA,NA,"27.2%","27.2%","3","10",NA,NA
110,"PumpList_11","11","23","34",NA,NA,NA,NA,NA,NA,NA,"28%","28%","3","11",NA,NA
110,"PumpList_12","12","23","34",NA,NA,NA,NA,NA,NA,NA,"28.8%","28.8%","3","12",NA,NA
110,"PumpList_13","13","23","34",NA,NA,NA,NA,NA,NA,NA,"29.6%","29.6%","3","13",NA,NA
110,"PumpList_14","14","23","34",NA,NA,NA,NA,NA,NA,NA,"30.4%","30.4%","3","14",NA,NA
110,"PumpList_15","15","23","34",NA,NA,NA,NA,NA,NA,NA,"31.2%","31.2%","3","15",NA,NA
110,"PumpList_16","16","23","34",NA,NA,NA,NA,NA,NA,NA,"32%","32%","3","16",NA,NA
110,"PumpList_17","17","23","34",NA,NA,NA,NA,NA,NA,NA,"32.8%","32.8%","3","17",NA,NA
110,"PumpList_18","18","23","34",NA,NA,NA,NA,NA,NA,NA,"33.6%","33.6%","3","18",NA,NA
110,"PumpList_19","19","23","34",NA,NA,NA,NA,NA,NA,NA,"34.4%","34.4%","3","19",NA,NA
110,"PumpList_20","20","23","34",NA,NA,NA,NA,NA,NA,NA,"35.2%","35.2%","3","20",NA,NA
110,"PumpList_21","21","23","34",NA,NA,NA,NA,NA,NA,NA,"36%","36%","3","21",NA,NA
110,"PumpList_22","22","23","34",NA,NA,NA,NA,NA,NA,NA,"36.8%","36.8%","3","22",NA,NA
110,"PumpList_23","23","23","34",NA,NA,NA,NA,NA,NA,NA,"37.6%","37.6%","4",NA,NA,NA
110,"BalloonList_2","22","6",NA,"exp","24","balloon_red.jpg","balloon_red_burst.jpg","128",NA,NA,"37.6%","37.6%",NA,NA,"4.50","0.44"
110,"PumpList_1","1","24","3",NA,NA,NA,NA,NA,NA,NA,"20%","20%","3","1",NA,NA
110,"PumpList_2","2","24","34",NA,NA,NA,NA,NA,NA,NA,"20.8%","20.8%","3","2",NA,NA
110,"PumpList_3","3","24","34",NA,NA,NA,NA,NA,NA,NA,"21.6%","21.6%","3","3",NA,NA
110,"PumpList_4","4","24","34",NA,NA,NA,NA,NA,NA,NA,"22.4%","22.4%","3","4",NA,NA
110,"PumpList_5","5","24","34",NA,NA,NA,NA,NA,NA,NA,"23.2%","23.2%","3","5",NA,NA
110,"PumpList_6","6","24","34",NA,NA,NA,NA,NA,NA,NA,"24%","24%","3","6",NA,NA
110,"PumpList_7","7","24","34",NA,NA,NA,NA,NA,NA,NA,"24.8%","24.8%","3","7",NA,NA
110,"PumpList_8","8","24","34",NA,NA,NA,NA,NA,NA,NA,"25.6%","25.6%","3","8",NA,NA
110,"PumpList_9","9","24","34",NA,NA,NA,NA,NA,NA,NA,"26.4%","26.4%","3","9",NA,NA
110,"PumpList_10","10","24","34",NA,NA,NA,NA,NA,NA,NA,"27.2%","27.2%","3","10",NA,NA
110,"PumpList_11","11","24","34",NA,NA,NA,NA,NA,NA,NA,"28%","28%","3","11",NA,NA
110,"PumpList_12","12","24","34",NA,NA,NA,NA,NA,NA,NA,"28.8%","28.8%","3","12",NA,NA
110,"PumpList_13","13","24","34",NA,NA,NA,NA,NA,NA,NA,"29.6%","29.6%","3","13",NA,NA
110,"PumpList_14","14","24","34",NA,NA,NA,NA,NA,NA,NA,"30.4%","30.4%","3","14",NA,NA
110,"PumpList_15","15","24","34",NA,NA,NA,NA,NA,NA,NA,"31.2%","31.2%","3","15",NA,NA
110,"PumpList_16","16","24","34",NA,NA,NA,NA,NA,NA,NA,"32%","32%","3","16",NA,NA
110,"PumpList_17","17","24","34",NA,NA,NA,NA,NA,NA,NA,"32.8%","32.8%","3","17",NA,NA
110,"PumpList_18","18","24","34",NA,NA,NA,NA,NA,NA,NA,"33.6%","33.6%","3","18",NA,NA
110,"PumpList_19","19","24","34",NA,NA,NA,NA,NA,NA,NA,"34.4%","34.4%","3","19",NA,NA
110,"PumpList_20","20","24","34",NA,NA,NA,NA,NA,NA,NA,"35.2%","35.2%","4",NA,NA,NA
110,"BalloonList_4","23","6",NA,"exp","51","balloon_blue.jpg","balloon_blue_burst.jpg","64",NA,NA,"35.2%","35.2%",NA,NA,"4.88","0.38"
110,"PumpList_1","1","25","3",NA,NA,NA,NA,NA,NA,NA,"20%","20%","3","1",NA,NA
110,"PumpList_2","2","25","34",NA,NA,NA,NA,NA,NA,NA,"20.8%","20.8%","3","2",NA,NA
110,"PumpList_3","3","25","34",NA,NA,NA,NA,NA,NA,NA,"21.6%","21.6%","3","3",NA,NA
110,"PumpList_4","4","25","34",NA,NA,NA,NA,NA,NA,NA,"22.4%","22.4%","3","4",NA,NA
110,"PumpList_5","5","25","34",NA,NA,NA,NA,NA,NA,NA,"23.2%","23.2%","3","5",NA,NA
110,"PumpList_6","6","25","34",NA,NA,NA,NA,NA,NA,NA,"24%","24%","3","6",NA,NA
110,"PumpList_7","7","25","34",NA,NA,NA,NA,NA,NA,NA,"24.8%","24.8%","3","7",NA,NA
110,"PumpList_8","8","25","34",NA,NA,NA,NA,NA,NA,NA,"25.6%","25.6%","3","8",NA,NA
110,"PumpList_9","9","25","34",NA,NA,NA,NA,NA,NA,NA,"26.4%","26.4%","3","9",NA,NA
110,"PumpList_10","10","25","34",NA,NA,NA,NA,NA,NA,NA,"27.2%","27.2%","3","10",NA,NA
110,"PumpList_11","11","25","34",NA,NA,NA,NA,NA,NA,NA,"28%","28%","3","11",NA,NA
110,"PumpList_12","12","25","34",NA,NA,NA,NA,NA,NA,NA,"28.8%","28.8%","3","12",NA,NA
110,"PumpList_13","13","25","34",NA,NA,NA,NA,NA,NA,NA,"29.6%","29.6%","3","13",NA,NA
110,"PumpList_14","14","25","34",NA,NA,NA,NA,NA,NA,NA,"30.4%","30.4%","3","14",NA,NA
110,"PumpList_15","15","25","34",NA,NA,NA,NA,NA,NA,NA,"31.2%","31.2%","3","15",NA,NA
110,"PumpList_16","16","25","34",NA,NA,NA,NA,NA,NA,NA,"32%","32%","3","16",NA,NA
110,"PumpList_17","17","25","34",NA,NA,NA,NA,NA,NA,NA,"32.8%","32.8%","3","17",NA,NA
110,"PumpList_18","18","25","34",NA,NA,NA,NA,NA,NA,NA,"33.6%","33.6%","3","18",NA,NA
110,"PumpList_19","19","25","34",NA,NA,NA,NA,NA,NA,NA,"34.4%","34.4%","3","19",NA,NA
110,"PumpList_20","20","25","34",NA,NA,NA,NA,NA,NA,NA,"35.2%","35.2%","3","20",NA,NA
110,"PumpList_21","21","25","34",NA,NA,NA,NA,NA,NA,NA,"36%","36%","3","21",NA,NA
110,"PumpList_22","22","25","34",NA,NA,NA,NA,NA,NA,NA,"36.8%","36.8%","3","22",NA,NA
110,"PumpList_23","23","25","34",NA,NA,NA,NA,NA,NA,NA,"37.6%","37.6%","4",NA,NA,NA
110,"BalloonList_1","24","6",NA,"exp","75","balloon_red.jpg","balloon_red_burst.jpg","128",NA,NA,"37.6%","37.6%",NA,NA,"5.32","0.44"
110,"PumpList_1","1","26","3",NA,NA,NA,NA,NA,NA,NA,"20%","20%","3","1",NA,NA
110,"PumpList_2","2","26","34",NA,NA,NA,NA,NA,NA,NA,"20.8%","20.8%","3","2",NA,NA
110,"PumpList_3","3","26","34",NA,NA,NA,NA,NA,NA,NA,"21.6%","21.6%","3","3",NA,NA
110,"PumpList_4","4","26","34",NA,NA,NA,NA,NA,NA,NA,"22.4%","22.4%","3","4",NA,NA
110,"PumpList_5","5","26","34",NA,NA,NA,NA,NA,NA,NA,"23.2%","23.2%","3","5",NA,NA
110,"PumpList_6","6","26","34",NA,NA,NA,NA,NA,NA,NA,"24%","24%","3","6",NA,NA
110,"PumpList_7","7","26","34",NA,NA,NA,NA,NA,NA,NA,"24.8%","24.8%","3","7",NA,NA
110,"PumpList_8","8","26","34",NA,NA,NA,NA,NA,NA,NA,"25.6%","25.6%","3","8",NA,NA
110,"PumpList_9","9","26","34",NA,NA,NA,NA,NA,NA,NA,"26.4%","26.4%","3","9",NA,NA
110,"PumpList_10","10","26","34",NA,NA,NA,NA,NA,NA,NA,"27.2%","27.2%","3","10",NA,NA
110,"PumpList_11","11","26","34",NA,NA,NA,NA,NA,NA,NA,"28%","28%","3","11",NA,NA
110,"PumpList_12","12","26","34",NA,NA,NA,NA,NA,NA,NA,"28.8%","28.8%","3","12",NA,NA
110,"PumpList_13","13","26","34",NA,NA,NA,NA,NA,NA,NA,"29.6%","29.6%","3","13",NA,NA
110,"PumpList_14","14","26","34",NA,NA,NA,NA,NA,NA,NA,"30.4%","30.4%","3","14",NA,NA
110,"PumpList_15","15","26","34",NA,NA,NA,NA,NA,NA,NA,"31.2%","31.2%","3","15",NA,NA
110,"PumpList_16","16","26","34",NA,NA,NA,NA,NA,NA,NA,"32%","32%","3","16",NA,NA
110,"PumpList_17","17","26","34",NA,NA,NA,NA,NA,NA,NA,"32.8%","32.8%","4",NA,NA,NA
110,"BalloonList_4","25","7",NA,"exp","43","balloon_blue.jpg","balloon_blue_burst.jpg","64",NA,NA,"32.8%","32.8%",NA,NA,"5.64","0.32"
110,"PumpList_1","1","27","3",NA,NA,NA,NA,NA,NA,NA,"20%","20%","3","1",NA,NA
110,"PumpList_2","2","27","34",NA,NA,NA,NA,NA,NA,NA,"20.8%","20.8%","3","2",NA,NA
110,"PumpList_3","3","27","34",NA,NA,NA,NA,NA,NA,NA,"21.6%","21.6%","3","3",NA,NA
110,"PumpList_4","4","27","34",NA,NA,NA,NA,NA,NA,NA,"22.4%","22.4%","3","4",NA,NA
110,"PumpList_5","5","27","34",NA,NA,NA,NA,NA,NA,NA,"23.2%","23.2%","3","5",NA,NA
110,"PumpList_6","6","27","34",NA,NA,NA,NA,NA,NA,NA,"24%","24%","3","6",NA,NA
110,"PumpList_7","7","27","34",NA,NA,NA,NA,NA,NA,NA,"24.8%","24.8%","3","7",NA,NA
110,"PumpList_8","8","27","34",NA,NA,NA,NA,NA,NA,NA,"25.6%","25.6%","3","8",NA,NA
110,"PumpList_9","9","27","34",NA,NA,NA,NA,NA,NA,NA,"26.4%","26.4%","3","9",NA,NA
110,"PumpList_10","10","27","34",NA,NA,NA,NA,NA,NA,NA,"27.2%","27.2%","3","10",NA,NA
110,"PumpList_11","11","27","34",NA,NA,NA,NA,NA,NA,NA,"28%","28%","3","11",NA,NA
110,"PumpList_12","12","27","34",NA,NA,NA,NA,NA,NA,NA,"28.8%","28.8%","3","12",NA,NA
110,"PumpList_13","13","27","34",NA,NA,NA,NA,NA,NA,NA,"29.6%","29.6%","3","13",NA,NA
110,"PumpList_14","14","27","34",NA,NA,NA,NA,NA,NA,NA,"30.4%","30.4%","3","14",NA,NA
110,"PumpList_15","15","27","34",NA,NA,NA,NA,NA,NA,NA,"31.2%","31.2%","3","15",NA,NA
110,"PumpList_16","16","27","34",NA,NA,NA,NA,NA,NA,NA,"32%","32%","3","16",NA,NA
110,"PumpList_17","17","27","34",NA,NA,NA,NA,NA,NA,NA,"32.8%","32.8%","4",NA,NA,NA
110,"BalloonList_2","26","7",NA,"exp","128","balloon_red.jpg","balloon_red_burst.jpg","128",NA,NA,"32.8%","32.8%",NA,NA,"5.96","0.32"
110,"PumpList_1","1","28","3",NA,NA,NA,NA,NA,NA,NA,"20%","20%","3","1",NA,NA
110,"PumpList_2","2","28","34",NA,NA,NA,NA,NA,NA,NA,"20.8%","20.8%","3","2",NA,NA
110,"PumpList_3","3","28","34",NA,NA,NA,NA,NA,NA,NA,"21.6%","21.6%","3","3",NA,NA
110,"PumpList_4","4","28","34",NA,NA,NA,NA,NA,NA,NA,"22.4%","22.4%","3","4",NA,NA
110,"PumpList_5","5","28","34",NA,NA,NA,NA,NA,NA,NA,"23.2%","23.2%","3","5",NA,NA
110,"PumpList_6","6","28","34",NA,NA,NA,NA,NA,NA,NA,"24%","24%","3","6",NA,NA
110,"PumpList_7","7","28","34",NA,NA,NA,NA,NA,NA,NA,"24.8%","24.8%","3","7",NA,NA
110,"PumpList_8","8","28","34",NA,NA,NA,NA,NA,NA,NA,"25.6%","25.6%","3","8",NA,NA
110,"PumpList_9","9","28","34",NA,NA,NA,NA,NA,NA,NA,"26.4%","26.4%","3","9",NA,NA
110,"PumpList_10","10","28","34",NA,NA,NA,NA,NA,NA,NA,"27.2%","27.2%","3","10",NA,NA
110,"PumpList_11","11","28","34",NA,NA,NA,NA,NA,NA,NA,"28%","28%","3","11",NA,NA
110,"PumpList_12","12","28","34",NA,NA,NA,NA,NA,NA,NA,"28.8%","28.8%","3","12",NA,NA
110,"PumpList_13","13","28","34",NA,NA,NA,NA,NA,NA,NA,"29.6%","29.6%","3","13",NA,NA
110,"PumpList_14","14","28","34",NA,NA,NA,NA,NA,NA,NA,"30.4%","30.4%","3","14",NA,NA
110,"PumpList_15","15","28","34",NA,NA,NA,NA,NA,NA,NA,"31.2%","31.2%","3","15",NA,NA
110,"PumpList_16","16","28","34",NA,NA,NA,NA,NA,NA,NA,"32%","32%","3","16",NA,NA
110,"PumpList_17","17","28","34",NA,NA,NA,NA,NA,NA,NA,"32.8%","32.8%","4",NA,NA,NA
110,"BalloonList_3","27","7",NA,"exp","61","balloon_blue.jpg","balloon_blue_burst.jpg","64",NA,NA,"32.8%","32.8%",NA,NA,"6.28","0.32"
110,"PumpList_1","1","29","3",NA,NA,NA,NA,NA,NA,NA,"20%","20%","3","1",NA,NA
110,"PumpList_2","2","29","34",NA,NA,NA,NA,NA,NA,NA,"20.8%","20.8%","3","2",NA,NA
110,"PumpList_3","3","29","34",NA,NA,NA,NA,NA,NA,NA,"21.6%","21.6%","3","3",NA,NA
110,"PumpList_4","4","29","34",NA,NA,NA,NA,NA,NA,NA,"22.4%","22.4%","3","4",NA,NA
110,"PumpList_5","5","29","34",NA,NA,NA,NA,NA,NA,NA,"23.2%","23.2%","3","5",NA,NA
110,"PumpList_6","6","29","34",NA,NA,NA,NA,NA,NA,NA,"24%","24%","3","6",NA,NA
110,"PumpList_7","7","29","34",NA,NA,NA,NA,NA,NA,NA,"24.8%","24.8%","3","7",NA,NA
110,"PumpList_8","8","29","34",NA,NA,NA,NA,NA,NA,NA,"25.6%","25.6%","3","8",NA,NA
110,"PumpList_9","9","29","34",NA,NA,NA,NA,NA,NA,NA,"26.4%","26.4%","3","9",NA,NA
110,"PumpList_10","10","29","34",NA,NA,NA,NA,NA,NA,NA,"27.2%","27.2%","3","10",NA,NA
110,"PumpList_11","11","29","34",NA,NA,NA,NA,NA,NA,NA,"28%","28%","3","11",NA,NA
110,"PumpList_12","12","29","34",NA,NA,NA,NA,NA,NA,NA,"28.8%","28.8%","3","12",NA,NA
110,"PumpList_13","13","29","34",NA,NA,NA,NA,NA,NA,NA,"29.6%","29.6%","3","13",NA,NA
110,"PumpList_14","14","29","34",NA,NA,NA,NA,NA,NA,NA,"30.4%","30.4%","3","14",NA,NA
110,"PumpList_15","15","29","34",NA,NA,NA,NA,NA,NA,NA,"31.2%","31.2%","3","15",NA,NA
110,"PumpList_16","16","29","34",NA,NA,NA,NA,NA,NA,NA,"32%","32%","3","16",NA,NA
110,"PumpList_17","17","29","34",NA,NA,NA,NA,NA,NA,NA,"32.8%","32.8%","3","17",NA,NA
110,"PumpList_18","18","29","34",NA,NA,NA,NA,NA,NA,NA,"33.6%","33.6%","3","18",NA,NA
110,"PumpList_19","19","29","34",NA,NA,NA,NA,NA,NA,NA,"34.4%","34.4%","3","19",NA,NA
110,"PumpList_20","20","29","34",NA,NA,NA,NA,NA,NA,NA,"35.2%","35.2%","3","20",NA,NA
110,"PumpList_21","21","29","34",NA,NA,NA,NA,NA,NA,NA,"36%","36%","3","21",NA,NA
110,"PumpList_22","22","29","34",NA,NA,NA,NA,NA,NA,NA,"36.8%","36.8%","3","22",NA,NA
110,"PumpList_23","23","29","34",NA,NA,NA,NA,NA,NA,NA,"37.6%","37.6%","4",NA,NA,NA
110,"BalloonList_1","28","7",NA,"exp","81","balloon_red.jpg","balloon_red_burst.jpg","128",NA,NA,"37.6%","37.6%",NA,NA,"6.72","0.44"
110,"PumpList_1","1","30","3",NA,NA,NA,NA,NA,NA,NA,"20%","20%","3","1",NA,NA
110,"PumpList_2","2","30","34",NA,NA,NA,NA,NA,NA,NA,"20.8%","20.8%","3","2",NA,NA
110,"PumpList_3","3","30","34",NA,NA,NA,NA,NA,NA,NA,"21.6%","21.6%","3","3",NA,NA
110,"PumpList_4","4","30","34",NA,NA,NA,NA,NA,NA,NA,"22.4%","22.4%","3","4",NA,NA
110,"PumpList_5","5","30","34",NA,NA,NA,NA,NA,NA,NA,"23.2%","23.2%","3","5",NA,NA
110,"PumpList_6","6","30","34",NA,NA,NA,NA,NA,NA,NA,"24%","24%","3","6",NA,NA
110,"PumpList_7","7","30","34",NA,NA,NA,NA,NA,NA,NA,"24.8%","24.8%","3","7",NA,NA
110,"PumpList_8","8","30","34",NA,NA,NA,NA,NA,NA,NA,"25.6%","25.6%","3","8",NA,NA
110,"PumpList_9","9","30","34",NA,NA,NA,NA,NA,NA,NA,"26.4%","26.4%","3","9",NA,NA
110,"PumpList_10","10","30","34",NA,NA,NA,NA,NA,NA,NA,"27.2%","27.2%","3","10",NA,NA
110,"PumpList_11","11","30","34",NA,NA,NA,NA,NA,NA,NA,"28%","28%","3","11",NA,NA
110,"PumpList_12","12","30","34",NA,NA,NA,NA,NA,NA,NA,"28.8%","28.8%","3","12",NA,NA
110,"PumpList_13","13","30","34",NA,NA,NA,NA,NA,NA,NA,"29.6%","29.6%","3","13",NA,NA
110,"PumpList_14","14","30","34",NA,NA,NA,NA,NA,NA,NA,"30.4%","30.4%","3","14",NA,NA
110,"PumpList_15","15","30","34",NA,NA,NA,NA,NA,NA,NA,"31.2%","31.2%","3","15",NA,NA
110,"PumpList_16","16","30","34",NA,NA,NA,NA,NA,NA,NA,"32%","32%","3","16",NA,NA
110,"PumpList_17","17","30","34",NA,NA,NA,NA,NA,NA,NA,"32.8%","32.8%","3","17",NA,NA
110,"PumpList_18","18","30","34",NA,NA,NA,NA,NA,NA,NA,"33.6%","33.6%","3","18",NA,NA
110,"PumpList_19","19","30","34",NA,NA,NA,NA,NA,NA,NA,"34.4%","34.4%","3","19",NA,NA
110,"PumpList_20","20","30","34",NA,NA,NA,NA,NA,NA,NA,"35.2%","35.2%","3","20",NA,NA
110,"PumpList_21","21","30","34",NA,NA,NA,NA,NA,NA,NA,"36%","36%","3","21",NA,NA
110,"PumpList_22","22","30","34",NA,NA,NA,NA,NA,NA,NA,"36.8%","36.8%","3","22",NA,NA
110,"PumpList_23","23","30","34",NA,NA,NA,NA,NA,NA,NA,"37.6%","37.6%","3","23",NA,NA
110,"PumpList_24","24","30","34",NA,NA,NA,NA,NA,NA,NA,"38.4%","38.4%","3","24",NA,NA
110,"PumpList_25","25","30","34",NA,NA,NA,NA,NA,NA,NA,"39.2%","39.2%","3","25",NA,NA
110,"PumpList_26","26","30","34",NA,NA,NA,NA,NA,NA,NA,"40%","40%","4",NA,NA,NA
110,"BalloonList_1","29","8",NA,"exp","105","balloon_red.jpg","balloon_red_burst.jpg","128",NA,NA,"40%","40%",NA,NA,"7.22","0.50"
110,"PumpList_1","1","31","3",NA,NA,NA,NA,NA,NA,NA,"20%","20%","3","1",NA,NA
110,"PumpList_2","2","31","34",NA,NA,NA,NA,NA,NA,NA,"20.8%","20.8%","3","2",NA,NA
110,"PumpList_3","3","31","34",NA,NA,NA,NA,NA,NA,NA,"21.6%","21.6%","3","3",NA,NA
110,"PumpList_4","4","31","34",NA,NA,NA,NA,NA,NA,NA,"22.4%","22.4%","3","4",NA,NA
110,"PumpList_5","5","31","34",NA,NA,NA,NA,NA,NA,NA,"23.2%","23.2%","3","5",NA,NA
110,"PumpList_6","6","31","34",NA,NA,NA,NA,NA,NA,NA,"24%","24%","3","6",NA,NA
110,"PumpList_7","7","31","34",NA,NA,NA,NA,NA,NA,NA,"24.8%","24.8%","3","7",NA,NA
110,"PumpList_8","8","31","34",NA,NA,NA,NA,NA,NA,NA,"25.6%","25.6%","3","8",NA,NA
110,"PumpList_9","9","31","34",NA,NA,NA,NA,NA,NA,NA,"26.4%","26.4%","3","9",NA,NA
110,"PumpList_10","10","31","34",NA,NA,NA,NA,NA,NA,NA,"27.2%","27.2%","3","10",NA,NA
110,"PumpList_11","11","31","34",NA,NA,NA,NA,NA,NA,NA,"28%","28%","3","11",NA,NA
110,"PumpList_12","12","31","34",NA,NA,NA,NA,NA,NA,NA,"28.8%","28.8%","3","12",NA,NA
110,"PumpList_13","13","31","34",NA,NA,NA,NA,NA,NA,NA,"29.6%","29.6%","3","13",NA,NA
110,"PumpList_14","14","31","34",NA,NA,NA,NA,NA,NA,NA,"30.4%","30.4%","3","14",NA,NA
110,"PumpList_15","15","31","34",NA,NA,NA,NA,NA,NA,NA,"31.2%","31.2%","3","15",NA,NA
110,"PumpList_16","16","31","34",NA,NA,NA,NA,NA,NA,NA,"32%","32%","3","16",NA,NA
110,"PumpList_17","17","31","34",NA,NA,NA,NA,NA,NA,NA,"32.8%","32.8%","3","17",NA,NA
110,"PumpList_18","18","31","34",NA,NA,NA,NA,NA,NA,NA,"33.6%","33.6%","3","18",NA,NA
110,"PumpList_19","19","31","34",NA,NA,NA,NA,NA,NA,NA,"34.4%","34.4%","3","19",NA,NA
110,"PumpList_20","20","31","34",NA,NA,NA,NA,NA,NA,NA,"35.2%","35.2%","3","20",NA,NA
110,"PumpList_21","21","31","34",NA,NA,NA,NA,NA,NA,NA,"36%","36%","3","21",NA,NA
110,"PumpList_22","22","31","34",NA,NA,NA,NA,NA,NA,NA,"36.8%","36.8%","3","22",NA,NA
110,"PumpList_23","23","31","34",NA,NA,NA,NA,NA,NA,NA,"37.6%","37.6%","3","23",NA,NA
110,"PumpList_24","24","31","34",NA,NA,NA,NA,NA,NA,NA,"38.4%","38.4%","3","24",NA,NA
110,"PumpList_25","25","31","34",NA,NA,NA,NA,NA,NA,NA,"39.2%","39.2%","4",NA,NA,NA
110,"BalloonList_2","30","8",NA,"exp","79","balloon_red.jpg","balloon_red_burst.jpg","128",NA,NA,"39.2%","39.2%",NA,NA,"7.70","0.48"
110,"PumpList_1","1","32","3",NA,NA,NA,NA,NA,NA,NA,"20%","20%","3","1",NA,NA
110,"PumpList_2","2","32","34",NA,NA,NA,NA,NA,NA,NA,"20.8%","20.8%","3","2",NA,NA
110,"PumpList_3","3","32","34",NA,NA,NA,NA,NA,NA,NA,"21.6%","21.6%","3","3",NA,NA
110,"PumpList_4","4","32","34",NA,NA,NA,NA,NA,NA,NA,"22.4%","22.4%","3","4",NA,NA
110,"PumpList_5","5","32","34",NA,NA,NA,NA,NA,NA,NA,"23.2%","23.2%","3","5",NA,NA
110,"PumpList_6","6","32","34",NA,NA,NA,NA,NA,NA,NA,"24%","24%","3","6",NA,NA
110,"PumpList_7","7","32","34",NA,NA,NA,NA,NA,NA,NA,"24.8%","24.8%","3","7",NA,NA
110,"PumpList_8","8","32","34",NA,NA,NA,NA,NA,NA,NA,"25.6%","25.6%","3","8",NA,NA
110,"PumpList_9","9","32","34",NA,NA,NA,NA,NA,NA,NA,"26.4%","26.4%","3","9",NA,NA
110,"PumpList_10","10","32","34",NA,NA,NA,NA,NA,NA,NA,"27.2%","27.2%","3","10",NA,NA
110,"PumpList_11","11","32","34",NA,NA,NA,NA,NA,NA,NA,"28%","28%","3","11",NA,NA
110,"PumpList_12","12","32","34",NA,NA,NA,NA,NA,NA,NA,"28.8%","28.8%","3","12",NA,NA
110,"PumpList_13","13","32","34",NA,NA,NA,NA,NA,NA,NA,"29.6%","29.6%","3","13",NA,NA
110,"PumpList_14","14","32","34",NA,NA,NA,NA,NA,NA,NA,"30.4%","30.4%","3","14",NA,NA
110,"PumpList_15","15","32","34",NA,NA,NA,NA,NA,NA,NA,"31.2%","31.2%","3","15",NA,NA
110,"PumpList_16","16","32","34",NA,NA,NA,NA,NA,NA,NA,"32%","32%","3","16",NA,NA
110,"PumpList_17","17","32","34",NA,NA,NA,NA,NA,NA,NA,"32.8%","32.8%","3","17",NA,NA
110,"PumpList_18","18","32","34",NA,NA,NA,NA,NA,NA,NA,"33.6%","33.6%","3","18",NA,NA
110,"PumpList_19","19","32","34",NA,NA,NA,NA,NA,NA,NA,"34.4%","34.4%","3","19",NA,NA
110,"PumpList_20","20","32","34",NA,NA,NA,NA,NA,NA,NA,"35.2%","35.2%","3","20",NA,NA
110,"PumpList_21","21","32","34",NA,NA,NA,NA,NA,NA,NA,"36%","36%","4",NA,NA,NA
110,"BalloonList_4","31","8",NA,"exp","25","balloon_blue.jpg","balloon_blue_burst.jpg","64",NA,NA,"36%","36%",NA,NA,"8.10","0.40"
110,"PumpList_1","1","33","3",NA,NA,NA,NA,NA,NA,NA,"20%","20%","3","1",NA,NA
110,"PumpList_2","2","33","34",NA,NA,NA,NA,NA,NA,NA,"20.8%","20.8%","3","2",NA,NA
110,"PumpList_3","3","33","34",NA,NA,NA,NA,NA,NA,NA,"21.6%","21.6%","3","3",NA,NA
110,"PumpList_4","4","33","34",NA,NA,NA,NA,NA,NA,NA,"22.4%","22.4%","3","4",NA,NA
110,"PumpList_5","5","33","34",NA,NA,NA,NA,NA,NA,NA,"23.2%","23.2%","3","5",NA,NA
110,"PumpList_6","6","33","34",NA,NA,NA,NA,NA,NA,NA,"24%","24%","3","6",NA,NA
110,"PumpList_7","7","33","34",NA,NA,NA,NA,NA,NA,NA,"24.8%","24.8%","3","7",NA,NA
110,"PumpList_8","8","33","34",NA,NA,NA,NA,NA,NA,NA,"25.6%","25.6%","3","8",NA,NA
110,"PumpList_9","9","33","34",NA,NA,NA,NA,NA,NA,NA,"26.4%","26.4%","3","9",NA,NA
110,"PumpList_10","10","33","34",NA,NA,NA,NA,NA,NA,NA,"27.2%","27.2%","3","10",NA,NA
110,"PumpList_11","11","33","34",NA,NA,NA,NA,NA,NA,NA,"28%","28%","3","11",NA,NA
110,"PumpList_12","12","33","34",NA,NA,NA,NA,NA,NA,NA,"28.8%","28.8%","3","12",NA,NA
110,"PumpList_13","13","33","34",NA,NA,NA,NA,NA,NA,NA,"29.6%","29.6%","3","13",NA,NA
110,"PumpList_14","14","33","34",NA,NA,NA,NA,NA,NA,NA,"30.4%","30.4%","3","14",NA,NA
110,"PumpList_15","15","33","34",NA,NA,NA,NA,NA,NA,NA,"31.2%","31.2%","3","15",NA,NA
110,"PumpList_16","16","33","34",NA,NA,NA,NA,NA,NA,NA,"32%","32%","3","16",NA,NA
110,"PumpList_17","17","33","34",NA,NA,NA,NA,NA,NA,NA,"32.8%","32.8%","3","17",NA,NA
110,"PumpList_18","18","33","34",NA,NA,NA,NA,NA,NA,NA,"33.6%","33.6%","3","18",NA,NA
110,"PumpList_19","19","33","34",NA,NA,NA,NA,NA,NA,NA,"34.4%","34.4%","3","19",NA,NA
110,"PumpList_20","20","33","34",NA,NA,NA,NA,NA,NA,NA,"35.2%","35.2%","3","20",NA,NA
110,"PumpList_21","21","33","34",NA,NA,NA,NA,NA,NA,NA,"36%","36%","3","21",NA,NA
110,"PumpList_22","22","33","34",NA,NA,NA,NA,NA,NA,NA,"36.8%","36.8%","3","22",NA,NA
110,"PumpList_23","23","33","34",NA,NA,NA,NA,NA,NA,NA,"37.6%","37.6%","3","23",NA,NA
110,"PumpList_24","24","33","34",NA,NA,NA,NA,NA,NA,NA,"38.4%","38.4%","3","24",NA,NA
110,"PumpList_25","25","33","34",NA,NA,NA,NA,NA,NA,NA,"39.2%","39.2%","3","25",NA,NA
110,"PumpList_26","26","33","34",NA,NA,NA,NA,NA,NA,NA,"40%","40%","4",NA,NA,NA
110,"BalloonList_3","32","8",NA,"exp","26","balloon_blue.jpg","balloon_blue_burst.jpg","64",NA,NA,"40%","40%",NA,NA,"8.60","0.50"
110,"PumpList_1","1","34","3",NA,NA,NA,NA,NA,NA,NA,"20%","20%","3","1",NA,NA
110,"PumpList_2","2","34","34",NA,NA,NA,NA,NA,NA,NA,"20.8%","20.8%","3","2",NA,NA
110,"PumpList_3","3","34","34",NA,NA,NA,NA,NA,NA,NA,"21.6%","21.6%","3","3",NA,NA
110,"PumpList_4","4","34","34",NA,NA,NA,NA,NA,NA,NA,"22.4%","22.4%","3","4",NA,NA
110,"PumpList_5","5","34","34",NA,NA,NA,NA,NA,NA,NA,"23.2%","23.2%","3","5",NA,NA
110,"PumpList_6","6","34","34",NA,NA,NA,NA,NA,NA,NA,"24%","24%","3","6",NA,NA
110,"PumpList_7","7","34","34",NA,NA,NA,NA,NA,NA,NA,"24.8%","24.8%","3","7",NA,NA
110,"PumpList_8","8","34","34",NA,NA,NA,NA,NA,NA,NA,"25.6%","25.6%","3","8",NA,NA
110,"PumpList_9","9","34","34",NA,NA,NA,NA,NA,NA,NA,"26.4%","26.4%","3","9",NA,NA
110,"PumpList_10","10","34","34",NA,NA,NA,NA,NA,NA,NA,"27.2%","27.2%","3","10",NA,NA
110,"PumpList_11","11","34","34",NA,NA,NA,NA,NA,NA,NA,"28%","28%","3","11",NA,NA
110,"PumpList_12","12","34","34",NA,NA,NA,NA,NA,NA,NA,"28.8%","28.8%","3","12",NA,NA
110,"PumpList_13","13","34","34",NA,NA,NA,NA,NA,NA,NA,"29.6%","29.6%","3","13",NA,NA
110,"PumpList_14","14","34","34",NA,NA,NA,NA,NA,NA,NA,"30.4%","30.4%","3","14",NA,NA
110,"PumpList_15","15","34","34",NA,NA,NA,NA,NA,NA,NA,"31.2%","31.2%","3","15",NA,NA
110,"PumpList_16","16","34","34",NA,NA,NA,NA,NA,NA,NA,"32%","32%","3","16",NA,NA
110,"PumpList_17","17","34","34",NA,NA,NA,NA,NA,NA,NA,"32.8%","32.8%","3","17",NA,NA
110,"PumpList_18","18","34","34",NA,NA,NA,NA,NA,NA,NA,"33.6%","33.6%","3","18",NA,NA
110,"PumpList_19","19","34","34",NA,NA,NA,NA,NA,NA,NA,"34.4%","34.4%","3","19",NA,NA
110,"PumpList_20","20","34","34",NA,NA,NA,NA,NA,NA,NA,"35.2%","35.2%","3","20",NA,NA
110,"PumpList_21","21","34","34",NA,NA,NA,NA,NA,NA,NA,"36%","36%","4",NA,NA,NA
110,"BalloonList_1","33","9",NA,"exp","116","balloon_red.jpg","balloon_red_burst.jpg","128",NA,NA,"36%","36%",NA,NA,"9.00","0.40"
110,"PumpList_1","1","35","3",NA,NA,NA,NA,NA,NA,NA,"20%","20%","3","1",NA,NA
110,"PumpList_2","2","35","34",NA,NA,NA,NA,NA,NA,NA,"20.8%","20.8%","3","2",NA,NA
110,"PumpList_3","3","35","34",NA,NA,NA,NA,NA,NA,NA,"21.6%","21.6%","3","3",NA,NA
110,"PumpList_4","4","35","34",NA,NA,NA,NA,NA,NA,NA,"22.4%","22.4%","3","4",NA,NA
110,"PumpList_5","5","35","34",NA,NA,NA,NA,NA,NA,NA,"23.2%","23.2%","3","5",NA,NA
110,"PumpList_6","6","35","34",NA,NA,NA,NA,NA,NA,NA,"24%","24%","3","6",NA,NA
110,"PumpList_7","7","35","34",NA,NA,NA,NA,NA,NA,NA,"24.8%","24.8%","3","7",NA,NA
110,"PumpList_8","8","35","34",NA,NA,NA,NA,NA,NA,NA,"25.6%","25.6%","3","8",NA,NA
110,"PumpList_9","9","35","34",NA,NA,NA,NA,NA,NA,NA,"26.4%","26.4%","3","9",NA,NA
110,"PumpList_10","10","35","34",NA,NA,NA,NA,NA,NA,NA,"27.2%","27.2%","3","10",NA,NA
110,"PumpList_11","11","35","34",NA,NA,NA,NA,NA,NA,NA,"28%","28%","3","11",NA,NA
110,"PumpList_12","12","35","34",NA,NA,NA,NA,NA,NA,NA,"28.8%","28.8%","3","12",NA,NA
110,"PumpList_13","13","35","34",NA,NA,NA,NA,NA,NA,NA,"29.6%","29.6%","3","13",NA,NA
110,"PumpList_14","14","35","34",NA,NA,NA,NA,NA,NA,NA,"30.4%","30.4%","3","14",NA,NA
110,"PumpList_15","15","35","34",NA,NA,NA,NA,NA,NA,NA,"31.2%","31.2%","3","15",NA,NA
110,"PumpList_16","16","35","34",NA,NA,NA,NA,NA,NA,NA,"32%","32%","3","16",NA,NA
110,"PumpList_17","17","35","34",NA,NA,NA,NA,NA,NA,NA,"32.8%","32.8%","3","17",NA,NA
110,"PumpList_18","18","35","34",NA,NA,NA,NA,NA,NA,NA,"33.6%","33.6%","3","18",NA,NA
110,"PumpList_19","19","35","34",NA,NA,NA,NA,NA,NA,NA,"34.4%","34.4%","3","19",NA,NA
110,"PumpList_20","20","35","34",NA,NA,NA,NA,NA,NA,NA,"35.2%","35.2%","3","20",NA,NA
110,"PumpList_21","21","35","34",NA,NA,NA,NA,NA,NA,NA,"36%","36%","3","21",NA,NA
110,"PumpList_22","22","35","34",NA,NA,NA,NA,NA,NA,NA,"36.8%","36.8%","3","22",NA,NA
110,"PumpList_23","23","35","34",NA,NA,NA,NA,NA,NA,NA,"37.6%","37.6%","3","23",NA,NA
110,"PumpList_24","24","35","34",NA,NA,NA,NA,NA,NA,NA,"38.4%","38.4%","3","24",NA,NA
110,"PumpList_25","25","35","34",NA,NA,NA,NA,NA,NA,NA,"39.2%","39.2%","4",NA,NA,NA
110,"BalloonList_4","34","9",NA,"exp","53","balloon_blue.jpg","balloon_blue_burst.jpg","64",NA,NA,"39.2%","39.2%",NA,NA,"9.48","0.48"
110,"PumpList_1","1","36","3",NA,NA,NA,NA,NA,NA,NA,"20%","20%","3","1",NA,NA
110,"PumpList_2","2","36","34",NA,NA,NA,NA,NA,NA,NA,"20.8%","20.8%","3","2",NA,NA
110,"PumpList_3","3","36","34",NA,NA,NA,NA,NA,NA,NA,"21.6%","21.6%","3","3",NA,NA
110,"PumpList_4","4","36","34",NA,NA,NA,NA,NA,NA,NA,"22.4%","22.4%","3","4",NA,NA
110,"PumpList_5","5","36","34",NA,NA,NA,NA,NA,NA,NA,"23.2%","23.2%","3","5",NA,NA
110,"PumpList_6","6","36","34",NA,NA,NA,NA,NA,NA,NA,"24%","24%","3","6",NA,NA
110,"PumpList_7","7","36","34",NA,NA,NA,NA,NA,NA,NA,"24.8%","24.8%","3","7",NA,NA
110,"PumpList_8","8","36","34",NA,NA,NA,NA,NA,NA,NA,"25.6%","25.6%","3","8",NA,NA
110,"PumpList_9","9","36","34",NA,NA,NA,NA,NA,NA,NA,"26.4%","26.4%","3","9",NA,NA
110,"PumpList_10","10","36","34",NA,NA,NA,NA,NA,NA,NA,"27.2%","27.2%","3","10",NA,NA
110,"PumpList_11","11","36","34",NA,NA,NA,NA,NA,NA,NA,"28%","28%","3","11",NA,NA
110,"PumpList_12","12","36","34",NA,NA,NA,NA,NA,NA,NA,"28.8%","28.8%","3","12",NA,NA
110,"PumpList_13","13","36","34",NA,NA,NA,NA,NA,NA,NA,"29.6%","29.6%","3","13",NA,NA
110,"PumpList_14","14","36","34",NA,NA,NA,NA,NA,NA,NA,"30.4%","30.4%","3","14",NA,NA
110,"PumpList_15","15","36","34",NA,NA,NA,NA,NA,NA,NA,"31.2%","31.2%","3","15",NA,NA
110,"PumpList_16","16","36","34",NA,NA,NA,NA,NA,NA,NA,"32%","32%","3","16",NA,NA
110,"PumpList_17","17","36","34",NA,NA,NA,NA,NA,NA,NA,"32.8%","32.8%","3","17",NA,NA
110,"PumpList_18","18","36","34",NA,NA,NA,NA,NA,NA,NA,"33.6%","33.6%","3","18",NA,NA
110,"PumpList_19","19","36","34",NA,NA,NA,NA,NA,NA,NA,"34.4%","34.4%","3","19",NA,NA
110,"PumpList_20","20","36","34",NA,NA,NA,NA,NA,NA,NA,"35.2%","35.2%","3","20",NA,NA
110,"PumpList_21","21","36","34",NA,NA,NA,NA,NA,NA,NA,"36%","36%","3","21",NA,NA
110,"PumpList_22","22","36","34",NA,NA,NA,NA,NA,NA,NA,"36.8%","36.8%","3","22",NA,NA
110,"PumpList_23","23","36","34",NA,NA,NA,NA,NA,NA,NA,"37.6%","37.6%","3","23",NA,NA
110,"PumpList_24","24","36","34",NA,NA,NA,NA,NA,NA,NA,"38.4%","38.4%","3","24",NA,NA
110,"PumpList_25","25","36","34",NA,NA,NA,NA,NA,NA,NA,"39.2%","39.2%","3","25",NA,NA
110,"PumpList_26","26","36","34",NA,NA,NA,NA,NA,NA,NA,"40%","40%","3","26",NA,NA
110,"PumpList_27","27","36","34",NA,NA,NA,NA,NA,NA,NA,"40.8%","40.8%","4",NA,NA,NA
110,"BalloonList_2","35","9",NA,"exp","84","balloon_red.jpg","balloon_red_burst.jpg","128",NA,NA,"40.8%","40.8%",NA,NA,"10.00","0.52"
110,"PumpList_1","1","37","3",NA,NA,NA,NA,NA,NA,NA,"20%","20%","3","1",NA,NA
110,"PumpList_2","2","37","34",NA,NA,NA,NA,NA,NA,NA,"20.8%","20.8%","3","2",NA,NA
110,"PumpList_3","3","37","34",NA,NA,NA,NA,NA,NA,NA,"21.6%","21.6%","3","3",NA,NA
110,"PumpList_4","4","37","34",NA,NA,NA,NA,NA,NA,NA,"22.4%","22.4%","3","4",NA,NA
110,"PumpList_5","5","37","34",NA,NA,NA,NA,NA,NA,NA,"23.2%","23.2%","3","5",NA,NA
110,"PumpList_6","6","37","34",NA,NA,NA,NA,NA,NA,NA,"24%","24%","3","6",NA,NA
110,"PumpList_7","7","37","34",NA,NA,NA,NA,NA,NA,NA,"24.8%","24.8%","3","7",NA,NA
110,"PumpList_8","8","37","34",NA,NA,NA,NA,NA,NA,NA,"25.6%","25.6%","3","8",NA,NA
110,"PumpList_9","9","37","34",NA,NA,NA,NA,NA,NA,NA,"26.4%","26.4%","3","9",NA,NA
110,"PumpList_10","10","37","34",NA,NA,NA,NA,NA,NA,NA,"27.2%","27.2%","3","10",NA,NA
110,"PumpList_11","11","37","34",NA,NA,NA,NA,NA,NA,NA,"28%","28%","3","11",NA,NA
110,"PumpList_12","12","37","34",NA,NA,NA,NA,NA,NA,NA,"28.8%","28.8%","3","12",NA,NA
110,"PumpList_13","13","37","34",NA,NA,NA,NA,NA,NA,NA,"29.6%","29.6%","3","13",NA,NA
110,"PumpList_14","14","37","34",NA,NA,NA,NA,NA,NA,NA,"30.4%","30.4%","3","14",NA,NA
110,"PumpList_15","15","37","34",NA,NA,NA,NA,NA,NA,NA,"31.2%","31.2%","3","15",NA,NA
110,"PumpList_16","16","37","34",NA,NA,NA,NA,NA,NA,NA,"32%","32%","3","16",NA,NA
110,"PumpList_17","17","37","34",NA,NA,NA,NA,NA,NA,NA,"32.8%","32.8%","3","17",NA,NA
110,"PumpList_18","18","37","34",NA,NA,NA,NA,NA,NA,NA,"33.6%","33.6%","3","18",NA,NA
110,"PumpList_19","19","37","34",NA,NA,NA,NA,NA,NA,NA,"34.4%","34.4%","3","19",NA,NA
110,"PumpList_20","20","37","34",NA,NA,NA,NA,NA,NA,NA,"35.2%","35.2%","3","20",NA,NA
110,"PumpList_21","21","37","34",NA,NA,NA,NA,NA,NA,NA,"36%","36%","3","21",NA,NA
110,"PumpList_22","22","37","34",NA,NA,NA,NA,NA,NA,NA,"36.8%","36.8%","3","22",NA,NA
110,"PumpList_23","23","37","34",NA,NA,NA,NA,NA,NA,NA,"37.6%","37.6%","3","23",NA,NA
110,"PumpList_24","24","37","34",NA,NA,NA,NA,NA,NA,NA,"38.4%","38.4%","3","24",NA,NA
110,"PumpList_25","25","37","34",NA,NA,NA,NA,NA,NA,NA,"39.2%","39.2%","3","25",NA,NA
110,"PumpList_26","26","37","34",NA,NA,NA,NA,NA,NA,NA,"40%","40%","3","26",NA,NA
110,"PumpList_27","27","37","34",NA,NA,NA,NA,NA,NA,NA,"40.8%","40.8%","4",NA,NA,NA
110,"BalloonList_3","36","9",NA,"exp","53","balloon_blue.jpg","balloon_blue_burst.jpg","64",NA,NA,"40.8%","40.8%",NA,NA,"10.52","0.52"
110,"PumpList_1","1","38","3",NA,NA,NA,NA,NA,NA,NA,"20%","20%","3","1",NA,NA
110,"PumpList_2","2","38","34",NA,NA,NA,NA,NA,NA,NA,"20.8%","20.8%","3","2",NA,NA
110,"PumpList_3","3","38","34",NA,NA,NA,NA,NA,NA,NA,"21.6%","21.6%","3","3",NA,NA
110,"PumpList_4","4","38","34",NA,NA,NA,NA,NA,NA,NA,"22.4%","22.4%","3","4",NA,NA
110,"PumpList_5","5","38","34",NA,NA,NA,NA,NA,NA,NA,"23.2%","23.2%","3","5",NA,NA
110,"PumpList_6","6","38","34",NA,NA,NA,NA,NA,NA,NA,"24%","24%","3","6",NA,NA
110,"PumpList_7","7","38","34",NA,NA,NA,NA,NA,NA,NA,"24.8%","24.8%","3","7",NA,NA
110,"PumpList_8","8","38","34",NA,NA,NA,NA,NA,NA,NA,"25.6%","25.6%","3","8",NA,NA
110,"PumpList_9","9","38","34",NA,NA,NA,NA,NA,NA,NA,"26.4%","26.4%","3","9",NA,NA
110,"PumpList_10","10","38","34",NA,NA,NA,NA,NA,NA,NA,"27.2%","27.2%","3","10",NA,NA
110,"PumpList_11","11","38","34",NA,NA,NA,NA,NA,NA,NA,"28%","28%","3","11",NA,NA
110,"PumpList_12","12","38","34",NA,NA,NA,NA,NA,NA,NA,"28.8%","28.8%","3","12",NA,NA
110,"PumpList_13","13","38","34",NA,NA,NA,NA,NA,NA,NA,"29.6%","29.6%","3","13",NA,NA
110,"PumpList_14","14","38","34",NA,NA,NA,NA,NA,NA,NA,"30.4%","30.4%","3","14",NA,NA
110,"PumpList_15","15","38","34",NA,NA,NA,NA,NA,NA,NA,"31.2%","31.2%","3","15",NA,NA
110,"PumpList_16","16","38","34",NA,NA,NA,NA,NA,NA,NA,"32%","32%","3","16",NA,NA
110,"PumpList_17","17","38","34",NA,NA,NA,NA,NA,NA,NA,"32.8%","32.8%","3","17",NA,NA
110,"PumpList_18","18","38","34",NA,NA,NA,NA,NA,NA,NA,"33.6%","33.6%","3","18",NA,NA
110,"PumpList_19","19","38","34",NA,NA,NA,NA,NA,NA,NA,"34.4%","34.4%","3","19",NA,NA
110,"PumpList_20","20","38","34",NA,NA,NA,NA,NA,NA,NA,"35.2%","35.2%","3","20",NA,NA
110,"PumpList_21","21","38","34",NA,NA,NA,NA,NA,NA,NA,"36%","36%","3","21",NA,NA
110,"PumpList_22","22","38","34",NA,NA,NA,NA,NA,NA,NA,"36.8%","36.8%","3","22",NA,NA
110,"BalloonList_4","37","10",NA,"exp","22","balloon_blue_burst.jpg","balloon_blue_burst.jpg","64",NA,NA,"37.6%","37.6%",NA,NA,"10.52","0"
110,"PumpList_1","1","39","3",NA,NA,NA,NA,NA,NA,NA,"20%","20%","3","1",NA,NA
110,"PumpList_2","2","39","34",NA,NA,NA,NA,NA,NA,NA,"20.8%","20.8%","3","2",NA,NA
110,"PumpList_3","3","39","34",NA,NA,NA,NA,NA,NA,NA,"21.6%","21.6%","3","3",NA,NA
110,"PumpList_4","4","39","34",NA,NA,NA,NA,NA,NA,NA,"22.4%","22.4%","3","4",NA,NA
110,"PumpList_5","5","39","34",NA,NA,NA,NA,NA,NA,NA,"23.2%","23.2%","3","5",NA,NA
110,"PumpList_6","6","39","34",NA,NA,NA,NA,NA,NA,NA,"24%","24%","3","6",NA,NA
110,"PumpList_7","7","39","34",NA,NA,NA,NA,NA,NA,NA,"24.8%","24.8%","3","7",NA,NA
110,"PumpList_8","8","39","34",NA,NA,NA,NA,NA,NA,NA,"25.6%","25.6%","3","8",NA,NA
110,"PumpList_9","9","39","34",NA,NA,NA,NA,NA,NA,NA,"26.4%","26.4%","3","9",NA,NA
110,"PumpList_10","10","39","34",NA,NA,NA,NA,NA,NA,NA,"27.2%","27.2%","3","10",NA,NA
110,"PumpList_11","11","39","34",NA,NA,NA,NA,NA,NA,NA,"28%","28%","3","11",NA,NA
110,"PumpList_12","12","39","34",NA,NA,NA,NA,NA,NA,NA,"28.8%","28.8%","3","12",NA,NA
110,"PumpList_13","13","39","34",NA,NA,NA,NA,NA,NA,NA,"29.6%","29.6%","3","13",NA,NA
110,"PumpList_14","14","39","34",NA,NA,NA,NA,NA,NA,NA,"30.4%","30.4%","3","14",NA,NA
110,"PumpList_15","15","39","34",NA,NA,NA,NA,NA,NA,NA,"31.2%","31.2%","3","15",NA,NA
110,"PumpList_16","16","39","34",NA,NA,NA,NA,NA,NA,NA,"32%","32%","3","16",NA,NA
110,"PumpList_17","17","39","34",NA,NA,NA,NA,NA,NA,NA,"32.8%","32.8%","3","17",NA,NA
110,"BalloonList_2","38","10",NA,"exp","17","balloon_red_burst.jpg","balloon_red_burst.jpg","128",NA,NA,"33.6%","33.6%",NA,NA,"10.52","0"
110,"PumpList_1","1","40","3",NA,NA,NA,NA,NA,NA,NA,"20%","20%","3","1",NA,NA
110,"PumpList_2","2","40","34",NA,NA,NA,NA,NA,NA,NA,"20.8%","20.8%","3","2",NA,NA
110,"PumpList_3","3","40","34",NA,NA,NA,NA,NA,NA,NA,"21.6%","21.6%","3","3",NA,NA
110,"PumpList_4","4","40","34",NA,NA,NA,NA,NA,NA,NA,"22.4%","22.4%","3","4",NA,NA
110,"PumpList_5","5","40","34",NA,NA,NA,NA,NA,NA,NA,"23.2%","23.2%","3","5",NA,NA
110,"PumpList_6","6","40","34",NA,NA,NA,NA,NA,NA,NA,"24%","24%","3","6",NA,NA
110,"PumpList_7","7","40","34",NA,NA,NA,NA,NA,NA,NA,"24.8%","24.8%","3","7",NA,NA
110,"PumpList_8","8","40","34",NA,NA,NA,NA,NA,NA,NA,"25.6%","25.6%","3","8",NA,NA
110,"PumpList_9","9","40","34",NA,NA,NA,NA,NA,NA,NA,"26.4%","26.4%","3","9",NA,NA
110,"PumpList_10","10","40","34",NA,NA,NA,NA,NA,NA,NA,"27.2%","27.2%","3","10",NA,NA
110,"PumpList_11","11","40","34",NA,NA,NA,NA,NA,NA,NA,"28%","28%","3","11",NA,NA
110,"PumpList_12","12","40","34",NA,NA,NA,NA,NA,NA,NA,"28.8%","28.8%","3","12",NA,NA
110,"PumpList_13","13","40","34",NA,NA,NA,NA,NA,NA,NA,"29.6%","29.6%","3","13",NA,NA
110,"PumpList_14","14","40","34",NA,NA,NA,NA,NA,NA,NA,"30.4%","30.4%","3","14",NA,NA
110,"PumpList_15","15","40","34",NA,NA,NA,NA,NA,NA,NA,"31.2%","31.2%","4",NA,NA,NA
110,"BalloonList_1","39","10",NA,"exp","77","balloon_red.jpg","balloon_red_burst.jpg","128",NA,NA,"31.2%","31.2%",NA,NA,"10.80","0.28"
110,"PumpList_1","1","41","3",NA,NA,NA,NA,NA,NA,NA,"20%","20%","3","1",NA,NA
110,"PumpList_2","2","41","34",NA,NA,NA,NA,NA,NA,NA,"20.8%","20.8%","3","2",NA,NA
110,"PumpList_3","3","41","34",NA,NA,NA,NA,NA,NA,NA,"21.6%","21.6%","3","3",NA,NA
110,"PumpList_4","4","41","34",NA,NA,NA,NA,NA,NA,NA,"22.4%","22.4%","3","4",NA,NA
110,"PumpList_5","5","41","34",NA,NA,NA,NA,NA,NA,NA,"23.2%","23.2%","3","5",NA,NA
110,"PumpList_6","6","41","34",NA,NA,NA,NA,NA,NA,NA,"24%","24%","3","6",NA,NA
110,"PumpList_7","7","41","34",NA,NA,NA,NA,NA,NA,NA,"24.8%","24.8%","3","7",NA,NA
110,"PumpList_8","8","41","34",NA,NA,NA,NA,NA,NA,NA,"25.6%","25.6%","3","8",NA,NA
110,"PumpList_9","9","41","34",NA,NA,NA,NA,NA,NA,NA,"26.4%","26.4%","3","9",NA,NA
110,"PumpList_10","10","41","34",NA,NA,NA,NA,NA,NA,NA,"27.2%","27.2%","3","10",NA,NA
110,"PumpList_11","11","41","34",NA,NA,NA,NA,NA,NA,NA,"28%","28%","3","11",NA,NA
110,"PumpList_12","12","41","34",NA,NA,NA,NA,NA,NA,NA,"28.8%","28.8%","3","12",NA,NA
110,"PumpList_13","13","41","34",NA,NA,NA,NA,NA,NA,NA,"29.6%","29.6%","3","13",NA,NA
110,"PumpList_14","14","41","34",NA,NA,NA,NA,NA,NA,NA,"30.4%","30.4%","3","14",NA,NA
110,"PumpList_15","15","41","34",NA,NA,NA,NA,NA,NA,NA,"31.2%","31.2%","3","15",NA,NA
110,"PumpList_16","16","41","34",NA,NA,NA,NA,NA,NA,NA,"32%","32%","3","16",NA,NA
110,"PumpList_17","17","41","34",NA,NA,NA,NA,NA,NA,NA,"32.8%","32.8%","3","17",NA,NA
110,"PumpList_18","18","41","34",NA,NA,NA,NA,NA,NA,NA,"33.6%","33.6%","3","18",NA,NA
110,"BalloonList_3","40","10",NA,"exp","18","balloon_blue_burst.jpg","balloon_blue_burst.jpg","64",NA,NA,"34.4%","34.4%",NA,NA,"10.80","0"
110,NA,NA,NA,NA,NA,NA,NA,NA,NA,"128","64",NA,NA,NA,NA,"10.80",NA
